"exposure_num_minusSD_X","exposure_num_fullModel_X","exposure_num_plusSD_X","exposure_num_minusSD_Y","exposure_num_fullModel_Y","exposure_num_plusSD_Y","subtidal_primary_cover_minusSD_X","subtidal_primary_cover_fullModel_X","subtidal_primary_cover_plusSD_X","subtidal_primary_cover_minusSD_Y","subtidal_primary_cover_fullModel_Y","subtidal_primary_cover_plusSD_Y","day_BS_minusSD_X","day_BS_fullModel_X","day_BS_plusSD_X","day_BS_minusSD_Y","day_BS_fullModel_Y","day_BS_plusSD_Y","matrix_1_minusSD_X","matrix_1_fullModel_X","matrix_1_plusSD_X","matrix_1_minusSD_Y","matrix_1_fullModel_Y","matrix_1_plusSD_Y"
2,2,2,0,0,0,0,0,0,0,0,0,190.78150813867,191,191.21849186133,0,0,0,0,0,0,0,0,0
2.01005025125628,2.01005025125628,2.01005025125628,-0.0252286109542564,0.00261320618032574,0.0304550233149079,0.494049943817224,0.49748743718593,0.500924930554635,0.00992648433902731,0.0169833342078206,0.0240401840766138,194.536314380985,194.753768844221,194.971223307457,-0.000965626109990773,0.000980653642943501,0.00292693339587778,287.00022011315,294.620954773869,302.241689434589,-0.000522126136564203,1.54493589252068e-06,0.000525216008349245
2.02010050251256,2.02010050251256,2.02010050251256,-0.0221007769554056,0.00520014898195475,0.032501074919315,0.988099887634448,0.994974874371859,1.00184986110927,0.0197410795988713,0.033541064039847,0.0473410484808227,198.29111504204,198.507537688442,198.723960334845,-0.00178143762971322,0.00195172228237018,0.00568488219445357,574.000440226299,589.241909547739,604.483378869178,-0.00103952509918916,6.23301277796087e-06,0.00105199112474508
2.03015075376884,2.03015075376884,2.03015075376884,-0.019066123866067,0.007760828404887,0.034587780675841,1.48214983145167,1.49246231155779,1.50277479166391,0.029443147415499,0.0496731894960796,0.0699032315766602,202.045910041626,202.261306532663,202.4767030237,-0.00244862646753775,0.00291320591828002,0.0082750383040978,861.000660339449,883.862864321608,906.725068303767,-0.00154995091810536,1.40643449589578e-05,0.00157807960802328
2.04020100502513,2.04020100502513,2.04020100502513,-0.0161256669109546,0.0102952444491225,0.0367161558091997,1.9761997752689,1.98994974874372,2.00369972221854,0.039031988700653,0.0653797105765181,0.0917274324523833,205.800699298445,206.015075376884,206.229451455324,-0.00296860584138789,0.00386510455067305,0.010698814942734,1148.0008804526,1178.48381909548,1208.96675773836,-0.00205341712271804,2.50389324355116e-05,0.00210349498758907
2.05025125628141,2.05025125628141,2.05025125628141,-0.0132799938029242,0.0128033971146613,0.0388867880322468,2.47024971908612,2.48743718592965,2.50462465277318,0.048506836372821,0.0806606272811627,0.112814418189504,209.555482730101,209.768844221106,209.98220571211,-0.00334306206306353,0.00480741817954924,0.012957898422162,1435.00110056575,1473.10477386935,1511.20844717295,-0.00254993744233789,3.91567752076221e-05,0.00262825099275313
2.06030150753769,2.06030150753769,2.06030150753769,-0.0105292156366379,0.0152852864015033,0.0410997884396446,2.96429966290335,2.98492462311558,3.00554958332781,0.0578668470387062,0.0955159396100131,0.13316503218132,213.310260253099,213.522613065327,213.734965877554,-0.00357402085877886,0.00574014680490861,0.0150543144685961,1722.0013206789,1767.72572864322,1813.45013660753,-0.00303952580902536,5.64178732752895e-05,0.00315236155557594
2.07035175879397,2.07035175879397,2.07035175879397,-0.00787293252195927,0.0177409123096486,0.0433547571412566,3.45834960672057,3.48241206030151,3.50647451388245,0.0671110914479321,0.10994564756307,0.152780203678207,217.065031782841,217.276381909548,217.487732036254,-0.00366393291599575,0.00666329042675114,0.016990513769498,2009.00154079205,2062.34668341709,2115.69182604212,-0.00352219636068636,7.68222266385136e-05,0.00367584081396339
2.08040201005025,2.08040201005025,2.08040201005025,-0.00531021732206555,0.0201702748390972,0.04565076700026,3.95239955053779,3.97989949748744,4.00739944443708,0.0762385435095048,0.123949751140332,0.171660958771159,220.819797233624,221.030150753769,221.240504273914,-0.00361578500393399,0.00757684904507686,0.0187694830940877,2296.0017609052,2356.96763819095,2417.93351547671,-0.00399796344423574,0.000100369835297295,0.00419870311483033
2.09045226130653,2.09045226130653,2.09045226130653,-0.00283961946565749,0.022573373989849,0.0479863674453555,4.44644949435502,4.47738693467337,4.50832437499172,0.0852480676169821,0.137528250341801,0.189808433066619,224.574556518636,224.78391959799,224.993282677344,-0.00343324526567562,0.00848082265988574,0.0203948905854471,2583.00198101835,2651.58859296482,2720.1752049113,-0.00446684161880874,0.000127060699251632,0.004720963017312
2.10050251256281,2.10050251256281,2.10050251256281,-0.000459189070964656,0.0249502097619041,0.0503596085947728,4.94049943817224,4.9748743718593,5.00924930554635,0.0941384039785765,0.150681145167475,0.207223886356374,228.329309549958,228.537688442211,228.746067334464,-0.00312085429692234,0.0093752112711778,0.0218712768392779,2870.0022011315,2946.20954773869,3022.41689434589,-0.00492884565901624,0.000156894818501527,0.00524263529601929
2.1105527638191,2.1105527638191,2.1105527638191,0.00183348018818479,0.0273007821552624,0.0527680841223401,5.43454938198947,5.47236180904523,5.51017423610099,0.102908151586391,0.163408435617356,0.22390871964832,232.084056238563,232.291457286432,232.498858334301,-0.00268427757083191,0.010260014878953,0.023204307328738,3157.00242124465,3240.83050251256,3324.65858378048,-0.00538399055824284,0.000189872193046978,0.00576373494433679
2.12060301507538,2.12060301507538,2.12060301507538,0.00404119264346531,0.029625091169924,0.0552089896963827,5.92859932580669,5.96984924623116,6.01109916665562,0.111555748382879,0.175710121691442,0.239864495000005,235.838796494316,236.045226130653,236.251655766991,-0.00213063968253641,0.0111352334832114,0.0244011066489593,3444.0026413578,3535.45145728643,3626.90027321507,-0.00583229153198749,0.000225992822887986,0.00628427717776346
2.13065326633166,2.13065326633166,2.13065326633166,0.00616708094241424,0.0319231368058889,0.0576791926693635,6.42264926962391,6.46733668341709,6.51202409721026,0.120079448088976,0.187586203389734,0.255092958690493,239.593530225975,239.798994974874,240.004459723774,-0.00149966526893839,0.012000867083953,0.0255013994368444,3731.00286147094,3830.0724120603,3929.14196264966,-0.00627376402124642,0.000265256708024551,0.00680427743729552
2.14070351758794,2.14070351758794,2.14070351758794,0.00821452999669777,0.034194919063157,0.0601753081296162,6.91669921344114,6.96482412060301,7.01294902776489,0.128477293042854,0.199036680712233,0.269596068381612,243.348257341196,243.552763819095,243.757270296995,-0.000889618747894991,0.0128569156811777,0.0266034501102505,4018.00308158409,4124.69336683417,4231.38365208425,-0.00670842369593845,0.000307663848456672,0.0073237513928518
2.15075376884422,2.15075376884422,2.15075376884422,0.0101870994196227,0.0364404379417284,0.062693776463834,7.41074915725836,7.46231155778894,7.51387395831953,0.136747082255357,0.210061553658937,0.283376025062517,247.102977746534,247.306532663317,247.510087580099,-0.000304792567424219,0.0137033792748857,0.0277115511171956,4305.00330169724,4419.31432160804,4533.62534151884,-0.00713628645837246,0.000353214244184351,0.00784271494674116
2.1608040201005,2.1608040201005,2.1608040201005,0.0120884487552632,0.038659693441603,0.0652309381279428,7.90479910107559,7.95979899497487,8.01479888887416,0.144886333711121,0.220660822229848,0.296435310748575,250.857691347452,251.060301507538,251.262911667624,0.000257138610758129,0.0145402578650768,0.0288233771193954,4592.00352181039,4713.93527638191,4835.86703095343,-0.00755736844675693,0.000401907895207586,0.0083611842371721
2.17085427135678,2.17085427135678,2.17085427135678,0.0139222689044764,0.0408526855627809,0.0677831022210854,8.39884904489281,8.4572864321608,8.5157238194288,0.152892239724482,0.230834486424964,0.308776733125446,254.612398048319,254.814070351759,255.015742655199,0.000798331339634655,0.015367551451751,0.0299367715638674,4879.00374192354,5008.55623115578,5138.10872038801,-0.00797168603875165,0.000453744801526378,0.0088791756418044
2.18090452261307,2.18090452261307,2.18090452261307,0.0156922220946041,0.0430194143052621,0.07034660651592,8.89289898871004,8.95477386934673,9.01664874998343,0.160761613885919,0.240582546244286,0.320403478602654,258.367097752426,258.56783919598,258.768580639534,0.00132077112860908,0.0161852600349085,0.0310497489412079,5166.00396203669,5303.17718592965,5440.3504098226,-0.00837925585506094,0.000508724963140727,0.0093967057813424
2.19095477386935,2.19095477386935,2.19095477386935,0.017401891687765,0.0451598796690465,0.072917867650328,9.38694893252726,9.45226130653266,9.51757368053807,0.168490827794694,0.249905001687815,0.331319175580936,262.121790361989,262.321608040201,262.521425718413,0.00182627516248524,0.0169933836145491,0.0321604920666129,5453.00418214984,5597.79814070352,5742.59209925719,-0.00878009476306877,0.000566848380050632,0.00991379152317004
2.20100502512563,2.20100502512563,2.20100502512563,0.0190547422002976,0.0472740816541341,0.0754934211079707,9.88099887634448,9.94974874371859,10.0184986110927,0.176075735350536,0.258801852755549,0.341527970160562,265.876475778159,266.075376884422,266.274277990685,0.0023164985622366,0.0177919221906729,0.0332673458191091,5740.00440226299,5892.41909547739,6044.83378869178,-0.00917421988051502,0.000628115052256095,0.0104304499850272
2.21105527638191,2.21105527638191,2.21105527638191,0.0206540891825298,0.0493620202605251,0.0780699513385204,10.3750488201617,10.4472361809045,10.5194235416473,0.183502560504345,0.267273099447489,0.351043638390634,269.631153901035,269.829145728643,270.027137556252,0.00279294299351114,0.0185808757632798,0.0343688085330485,6027.00462237614,6187.04005025126,6347.07547812637,-0.00956164857921293,0.000692524979757114,0.0109466985387272
2.22110552763819,2.22110552763819,2.22110552763819,0.022203078104693,0.0514236954882193,0.0806443128717455,10.8690987639789,10.9447236180905,11.020348472202,0.190750253828383,0.275318741763636,0.359887229698889,273.385824629672,273.582914572864,273.780004516057,0.00325696667431175,0.0193602443323699,0.0354635219904282,6314.00484248929,6481.66100502513,6649.31716756096,-0.00994239848880719,0.00076007816255369,0.0114625548139146
2.23115577889447,2.23115577889447,2.23115577889447,0.0237046710971388,0.0534591073372167,0.0832135435772946,11.3631487077962,11.4422110552764,11.5212734027566,0.197817712828858,0.282938779703988,0.368059846579119,277.140487862099,277.336683417085,277.532878972072,0.003709795058759,0.0201300278979433,0.0365502607371275,6601.00506260244,6776.281959799,6951.55885699555,-0.0103164875005724,0.000830774600645823,0.011978036701864
2.24120603015075,2.24120603015075,2.24120603015075,0.0251616402659576,0.0554682558075174,0.0857748713490773,11.8571986516134,11.9396984924623,12.0221983333112,0.204703541784679,0.290133213268546,0.375562884752414,280.895143495334,281.090452261306,281.285761027279,0.00415253166752108,0.0208902264599997,0.0376279212524784,6888.00528271559,7070.90291457286,7253.80054643014,-0.0106839337712513,0.000904614294033512,0.0124931623593184
2.25125628140704,2.25125628140704,2.25125628140704,0.0265765663055898,0.0574511408991214,0.088325715492653,12.3512485954306,12.4371859296482,12.5231232638659,0.211405422752688,0.296902042457311,0.382398662161934,284.649791425397,284.844221105528,285.038650785658,0.00458616869389538,0.0216408400185394,0.0386955113431834,7175.00550282874,7365.52386934673,7556.04223586473,-0.0110447557269329,0.000981597242716759,0.0130079502123664
2.26130653266332,2.26130653266332,2.26130653266332,0.0279518412159873,0.0594077626120286,0.09086368400807,12.8452985392478,12.9346733668342,13.0240481944205,0.217909688817625,0.303245267270281,0.388580845722937,288.404431547332,288.597989949749,288.791548352166,0.00501159713909968,0.0223818685735622,0.0397521400080247,7462.00572294189,7660.1448241206,7858.28392529932,-0.0113989720669683,0.00106172344669556,0.0135224189603594
2.2713567839196,2.2713567839196,2.2713567839196,0.0292896740674359,0.0613381209462391,0.0933865678250424,13.3393484830651,13.4321608040201,13.5249731249751,0.224188447975194,0.309162887707457,0.39413732743972,292.159063755224,292.35175879397,292.544453832716,0.00542961632505956,0.0231133121250682,0.0407970079250768,7749.00594305504,7954.76577889447,8160.52561473391,-0.0117466017679262,0.00114499290596992,0.0140365875798661
2.28140703517588,2.28140703517588,2.28140703517588,0.0305920989136193,0.0632422159017528,0.0958923328898864,13.8333984268823,13.929648241206,14.0258980555298,0.230238896997562,0.31465490376884,0.399070910540118,295.913687942222,296.105527638191,296.29736733416,0.00584094270279702,0.0238351706730574,0.0418293986433177,8036.00616316819,8249.38673366834,8462.7673041685,-0.0120876640875848,0.00123140562053984,0.0145504753286644
2.29145728643216,2.29145728643216,2.29145728643216,0.0318609841134538,0.0651200474785699,0.0983791108436859,14.3274483706995,14.427135678392,14.5268229860844,0.236058090609665,0.319721315454428,0.403384540299191,299.668304000565,299.859296482412,300.050288964259,0.006246217924379,0.0245474442175297,0.0428486705106804,8323.00638328134,8544.00768844221,8765.00899360308,-0.0124221785689609,0.00132096159040531,0.0150641017497716
2.30150753768844,2.30150753768844,2.30150753768844,0.0330980424723091,0.0669716156766901,0.100845188881071,14.8214983145167,14.9246231155779,15.0277479166391,0.24164159787981,0.324362122764222,0.407082647648635,303.422911821603,303.613065326633,303.803218831663,0.0066460161807463,0.0252501327584852,0.0438542493362241,8610.00660339449,8838.62864321608,9067.25068303768,-0.0127501650443755,0.00141366081556634,0.0155774866755082
2.31155778894472,2.31155778894472,2.31155778894472,0.0343048417466471,0.0687969204961136,0.10328899924558,15.3155482583339,15.4221105527638,15.5286728471937,0.246939377260413,0.328577325698222,0.410215274136032,307.177511295825,307.366834170854,307.556157045883,0.00704085083040458,0.0259432362959239,0.0448456217614432,8897.00682350764,9133.24959798995,9369.49237247226,-0.0130716436395535,0.00150950329602293,0.0160906502315994
2.32160804020101,2.32160804020101,2.32160804020101,0.0354828151700112,0.0705959619368404,0.10570910870367,15.8095982021512,15.9195979899497,16.0295977777483,0.251821390349701,0.332366924256429,0.412912458163157,310.932102312892,311.120603015075,311.309103717259,0.00743118035799849,0.0266267548298457,0.045822329301693,9184.00704362079,9427.87055276382,9671.73406190685,-0.0133866347777583,0.00160848903177507,0.0166036128413085
2.33165829145729,2.33165829145729,2.33165829145729,0.0366332717524516,0.0723687399988705,0.108104208245289,16.3036481459684,16.4170854271357,16.530522708303,0.256278764056098,0.335730918438841,0.415183072821584,314.68668476166,314.874371859297,315.062058956933,0.00781741370962912,0.0273006883602508,0.0467839630108724,9471.00726373394,9722.49150753769,9973.97575134144,-0.0136951591839596,0.00171061802282277,0.0171163952296052
2.34170854271357,2.34170854271357,2.34170854271357,0.0377574061812103,0.0741152546822038,0.110473103183197,16.7976980897856,16.9145728643216,17.0314476388576,0.260315817739639,0.338669308245459,0.417022798751279,318.441258530224,318.628140703518,318.815022876811,0.00819991505526529,0.027965036887139,0.0477301587190127,9758.00748384709,10017.1124623116,10276.217440776,-0.0139972378890328,0.00181589026916603,0.0176290184273648
2.35175879396985,2.35175879396985,2.35175879396985,0.0388563082099512,0.0758355059868403,0.112814703763729,17.2917480336028,17.4120603015075,17.5323725694122,0.263937428965099,0.341182093676283,0.418426758387468,322.195823505942,322.381909547739,322.567995589536,0.00857900802913106,0.0286198004105104,0.0486605927918896,10045.0077039602,10311.7334170854,10578.4591302106,-0.0142928922339893,0.00192430577080484,0.018141503775599
2.36180904522613,2.36180904522613,2.36180904522613,0.0399309714694372,0.0775294939127802,0.115128016356123,17.7857979774201,17.9095477386935,18.0332974999669,0.267146245987845,0.343269274731314,0.419392303474783,325.95037957548,326.13567839196,326.32097720844,0.00895497949754571,0.0292649789303649,0.0495749783631841,10332.0079240734,10606.3543718593,10880.7008196452,-0.0145821438742372,0.00203586452773921,0.0186538729297156
2.37185929648241,2.37185929648241,2.37185929648241,0.0409823016667506,0.0791972184600233,0.117412135253296,18.2798479212373,18.4070351758794,18.5342224305215,0.269941061867565,0.34493085141055,0.419920640953535,329.704926624847,329.889447236181,330.073967847514,0.00932808290108287,0.0299005724467026,0.0504730619923224,10619.0081441865,10900.9753266332,11182.9425090798,-0.0148650147838687,0.00215056653996914,0.019166147863807
2.38190954773869,2.38190954773869,2.38190954773869,0.0420111241651389,0.0808386796285696,0.119666235092,18.7738978650545,18.9045226130653,19.0351473610761,0.272323484189495,0.346166823713992,0.42001016323849,333.459464539441,333.643216080402,333.826967621363,0.00969854121462632,0.0305265809595235,0.0513546207044207,10906.0083642997,11195.596281407,11485.1841985144,-0.015141527259976,0.00226841180749463,0.0196783508749653
2.39195979899498,2.39195979899498,2.39195979899498,0.0430181909542934,0.0824538774184192,0.121889563882545,19.2679478088717,19.4020100502513,19.5360722916308,0.274294273621317,0.34697719164164,0.419660109661963,337.213993204087,337.396984924623,337.579976645159,0.0100665495652874,0.0311430044688276,0.0522194593723678,11193.0085844128,11490.2172361809,11787.425887949,-0.0154117039269909,0.00238940033031567,0.0201905045876222
2.40201005025126,2.40201005025126,2.40201005025126,0.044004187032967,0.084042811829572,0.124081436626177,19.761997752689,19.8994974874372,20.0369972221854,0.275852889134356,0.347361955193494,0.418871021252633,340.968512503087,341.150753768844,341.332995034601,0.0104322775444593,0.0317498429746148,0.0530674084047703,11480.008804526,11784.8381909548,12089.6675773836,-0.015675567741049,0.00251353210843226,0.0207026319579135
2.41206030150754,2.41206030150754,2.41206030150754,0.0449697362336609,0.0856054828620282,0.126241229490395,20.2560476965062,20.3969849246231,20.53792215274,0.277063979699076,0.347397901559785,0.417731823420493,344.723022320268,344.904522613065,345.086022905862,0.0107958712466744,0.0323470964768852,0.0538983217070961,11767.0090246391,12079.4591457286,12391.9092668182,-0.0159331419943752,0.00264080714184442,0.0212147562780641
2.42211055276382,2.42211055276382,2.42211055276382,0.0459154065237306,0.0871418905157875,0.128368374507845,20.7500976403234,20.894472361809,21.0388470832947,0.278203985824896,0.347405348692055,0.416606711559215,348.477522539033,348.658291457286,348.83906037554,0.0111574550644957,0.0329347649756388,0.0547120748867819,12054.0092447523,12374.0801005025,12694.1509562527,-0.0161844503196897,0.00277122543055213,0.0217269011807939
2.4321608040201,2.4321608040201,2.4321608040201,0.0468417148195461,0.0886520347908502,0.130462354762154,21.2441475841406,21.391959798995,21.5397720138493,0.279304150479214,0.347419590903541,0.415535031327867,352.23201304241,352.412060301507,352.592107560605,0.0115171332654796,0.0335128484708756,0.0555085636762716,12341.0094648654,12668.7010552764,12996.3926456873,-0.016429516694631,0.0029047869745554,0.0222390906437418
2.44221105527638,2.44221105527638,2.44221105527638,0.0477491313509435,0.0901359156872161,0.132522700023489,21.7381975279579,21.8894472361809,22.0406969444039,0.280365350263554,0.347440628194241,0.414515906124928,355.986493713114,356.165829145729,356.345164578344,0.0118749913743038,0.0340813469625955,0.0562877025508873,12628.0096849786,12963.3220100503,13298.6343351219,-0.0166683654461962,0.00304149177385422,0.0227513489939046
2.45226130653266,2.45226130653266,2.45226130653266,0.048638083612634,0.0915935332048852,0.134548982797137,22.2322474717751,22.3869346733668,22.5416218749586,0.281388566127749,0.347468460564156,0.413548355000563,359.740964433599,359.91959798995,360.0982315463,0.0122310973804898,0.0346402604507986,0.0570494235211074,12915.0099050917,13257.9429648241,13600.8760245565,-0.0169010212551939,0.0031813398284486,0.0232637009120912
2.46231155778894,2.46231155778894,2.46231155778894,0.0495089599378847,0.0930248873438577,0.136540814749831,22.7262974155923,22.8844221105528,23.0425468055132,0.282374820606437,0.347503088013286,0.412631355420134,363.495425086123,363.673366834171,363.851308582219,0.0125855027897413,0.0351895889354849,0.0577936750812285,13202.0101252049,13552.563919598,13903.1177139911,-0.0171275091607094,0.00332433113833854,0.0237761714373865
2.47236180904523,2.47236180904523,2.47236180904523,0.050362112727931,0.0944299781041333,0.138497843480336,23.2203473594095,23.3819095477387,23.5434717360679,0.283325173762311,0.34754451054163,0.411763847320949,367.249875552805,367.427135678392,367.604395803979,0.0129382435347654,0.0357293324166543,0.0585204212985433,13489.010345318,13847.1848743719,14205.3594034257,-0.0173478545645779,0.00347046570352404,0.0242887859716259
2.48241206030151,2.48241206030151,2.48241206030151,0.0511978613684304,0.0958088054857123,0.140419749602994,23.7143973032268,23.8793969849246,24.0443966666225,0.284240718774821,0.347592728149189,0.410944737523558,371.004315715696,371.180904522613,371.35749332953,0.0132893407595264,0.036259490894307,0.0592296410290875,13776.0105654312,14141.8058291457,14507.6010928603,-0.0175620832358653,0.00361974352400509,0.0248015702838755
2.49246231155779,2.49246231155779,2.49246231155779,0.0520164948619898,0.0971613694885945,0.142306244115199,24.208447247044,24.3768844221106,24.5453215971771,0.285122576980762,0.347647740835963,0.410172904691165,374.758745456842,374.934673366834,375.110601276827,0.0136388014891755,0.0367800643684427,0.05992132724771,14063.0107855443,14436.4267839196,14809.8427822949,-0.0177702213153524,0.0037721645997817,0.0253145505149158
2.50251256281407,2.50251256281407,2.50251256281407,0.0528182742034773,0.0984876701127799,0.144157066022083,24.7024971908612,24.8743718592965,25.0462465277318,0.285971892400157,0.347709548601952,0.409447204803747,378.513164658354,378.688442211055,378.863719763757,0.0139866191963943,0.0372910528390617,0.0605954864817291,14350.0110056575,14731.0477386935,15112.0844717295,-0.017972295320019,0.00392772893085386,0.0258277531817268
2.51256281407035,2.51256281407035,2.51256281407035,0.0536037453031444,0.0997877073582686,0.145971669413393,25.1965471346784,25.3718592964824,25.5471714582864,0.286789825789718,0.347778151447156,0.408766477104594,382.267573202483,382.442211055276,382.61684890807,0.0143327742735595,0.0377924563061639,0.0612521383387682,14637.0112257706,15025.6686934673,15414.326161164,-0.0181683321475281,0.00408643651722159,0.0263412051819713
2.52261306532663,2.52261306532663,2.52261306532663,0.0543735026063704,0.101061481225061,0.147749459843751,25.6905970784957,25.8693467336683,26.048096388841,0.287577548274106,0.347853549371574,0.408129550469041,386.021970971691,386.195979899498,386.369988827304,0.014677234418966,0.0382842747697492,0.0618913151205323,14924.0114458838,15320.2896482412,15716.5678505986,-0.0183583590807027,0.00424828735888486,0.0268549337984724
2.53266331658291,2.53266331658291,2.53266331658291,0.0551278419330751,0.102308991713156,0.149490141493237,26.1846470223129,26.3668341708543,26.5490213193957,0.288336234612027,0.347935742375207,0.407535250138386,389.77635784873,389.949748743719,390.123139638707,0.0150199549443193,0.0387665082298177,0.062513061515316,15211.0116659969,15614.9106030151,16018.8095400332,-0.0185424037919961,0.0044132814558437,0.0273689667036835
2.5427135678392,2.5427135678392,2.5427135678392,0.0558670362842702,0.103530238822554,0.151193441360838,26.6786969661301,26.8643216080402,27.0499462499503,0.289067056159541,0.348024730458054,0.406982404756568,393.530733716719,393.70351758794,393.876301459161,0.0153608790098092,0.0392391566863693,0.0631174343629295,15498.0118861101,15909.5315577889,16321.0512294678,-0.0187204943479492,0.00458141880809809,0.0278833319641454
2.55276381909548,2.55276381909548,2.55276381909548,0.0565913376332652,0.104725222553256,0.152859107473247,27.1727469099473,27.3618090452261,27.5508711805049,0.289771173596976,0.348120513620117,0.406469853643258,397.285098459224,397.457286432161,397.629474405098,0.0156999377922922,0.0397022201394041,0.0637045024865161,15785.0121062232,16204.1525125628,16623.2929189024,-0.0188926592136337,0.00475269941564804,0.0283980580449298
2.56281407035176,2.56281407035176,2.56281407035176,0.0573009785511837,0.105893942905261,0.154486907259338,27.6667968537646,27.8592964824121,28.0517961110596,0.290449729488184,0.348223091861394,0.405996454234605,401.039451960345,401.211055276382,401.382658592418,0.0160370505914329,0.0401556985889221,0.0642743465864113,16072.0123263364,16498.7734673367,16925.534608337,-0.019058927257075,0.00492712327849355,0.0289131738140621
2.57286432160804,2.57286432160804,2.57286432160804,0.0579961736823535,0.107036399878569,0.156076626074785,28.1608467975818,28.356783919598,28.5527210416142,0.291103840741828,0.348332465181886,0.405561089621944,404.793794104799,404.964824120603,405.135854136407,0.0163721248780643,0.0405995920349233,0.0648270591917824,16359.0125464495,16793.3944221106,17227.7762977716,-0.0192193277536535,0.00510469039663461,0.0294287085469227
2.58291457286432,2.58291457286432,2.58291457286432,0.0586771210836625,0.108152593473181,0.157628065862699,28.654896741399,28.8542713567839,29.0536459721688,0.291734591043876,0.348448633581593,0.40516267611931,408.548124778003,408.718592964824,408.889061151645,0.0167044655390588,0.0410339004774077,0.0653633354157565,16646.0127665627,17088.0153768844,17530.0179872062,-0.0193738903904783,0.00528540077007124,0.0299446919306208
2.5929648241206,2.5929648241206,2.5929648241206,0.0593440034406256,0.109242523689096,0.159141043937566,29.1489466852162,29.3517587939699,29.5545709027235,0.292343023328743,0.348571597060514,0.404800170792286,412.302443866171,412.472361809045,412.642279751919,0.0170291984459234,0.0414586239163752,0.0658880493868269,16933.0129866758,17382.6363316583,17832.2596766408,-0.0195226452707306,0.00546925439880341,0.0304611540683374
2.60301507537688,2.60301507537688,2.60301507537688,0.0599969891716623,0.110306190526314,0.160615391880965,29.6429966290335,29.8492462311558,30.0554958332781,0.292930132353746,0.348701355618651,0.404472578883556,416.056751256397,416.226130653266,416.395510050136,0.0173453846807226,0.0418737623518259,0.0664021400229292,17220.013206789,17677.2572864322,18134.5013660754,-0.0196656229179709,0.00565625128283115,0.0309781254836332
2.61306532663317,2.61306532663317,2.61306532663317,0.0606362334309563,0.111343593984835,0.162050954538714,30.1370465728507,30.3467336683417,30.5564207638327,0.293496987324521,0.348837909256002,0.404178831187482,419.811046836751,419.979899497487,420.148752158224,0.0176531783600422,0.0422793157837597,0.0669054532074773,17507.0134269021,17971.878241206,18436.7430555099,-0.0198028542804075,0.00584639142215444,0.0314956371247163
2.62311557788945,2.62311557788945,2.62311557788945,0.061261879019238,0.11235473406466,0.163447589110081,30.6310965166679,30.8442211055276,31.0573456943874,0.294045810011698,0.348981257972568,0.403916705933437,423.565330496372,423.733668341709,423.902006187045,0.0179527265415338,0.0426752842121768,0.0673978418828198,17794.0136470153,18266.4991959799,18738.9847449445,-0.0199343707351194,0.00603967481677329,0.032013720368666
2.63316582914573,2.63316582914573,2.63316582914573,0.0618740572108951,0.113339610765787,0.16480516432068,31.1251464604851,31.3417085427136,31.558270624942,0.294578051525287,0.349131401768348,0.403684752011409,427.319602125564,427.48743718593,427.655272246295,0.0182441694377524,0.043061667637077,0.0678791658364016,18081.0138671284,18561.1201507538,19041.2264343791,-0.020060204092231,0.00623610146668769,0.0325324070256064
2.64321608040201,2.64321608040201,2.64321608040201,0.0624728885049729,0.114298224088219,0.166123559671464,31.6191964043023,31.8391959798995,32.0591955554966,0.295094845388972,0.349288340643343,0.403481835897715,431.073861615891,431.241206030151,431.40855044441,0.0185276406277789,0.0434384660584604,0.0683492914891419,18368.0140872416,18855.7411055276,19343.4681238137,-0.0201803865990312,0.00643567137189765,0.0330517293428266
2.65326633165829,2.65326633165829,2.65326633165829,0.0630584833068587,0.115230574031953,0.167402664757047,32.1132463481196,32.3366834170854,32.5601204860513,0.295597290053987,0.349452074597553,0.40330685914112,434.828108860275,434.994974874372,435.161840888468,0.018803267265612,0.0438056794763269,0.0688080916870418,18655.0143073547,19150.3620603015,19645.7098132483,-0.0202949509440345,0.00663838453240317,0.0335717200088408
2.66331658291457,2.66331658291457,2.66331658291457,0.0636309425467562,0.11613666059699,0.168642378647225,32.6072962919368,32.8341708542714,33.0610454166059,0.296086411762833,0.349622603630978,0.403158795499123,438.582343753095,438.748743718593,438.915143684091,0.0190711702844678,0.0441633078906767,0.0692554454968855,18942.0145274679,19444.9830150754,19947.9515026829,-0.0204039302609755,0.00684424094820425,0.0340924121573839
2.67336683417085,2.67336683417085,2.67336683417085,0.0641903582404322,0.117016483783331,0.16984260932623,33.101346235754,33.3316582914573,33.5619703471606,0.296562844857605,0.349799927743618,0.40303701062963,442.336566190285,442.502512562814,442.668458935344,0.0193314645962583,0.0445113513015096,0.0696912380067609,19229.014747581,19739.6039698492,20250.1931921175,-0.0205073581327344,0.00705324061930088,0.0346138393713361
2.68341708542714,2.68341708542714,2.68341708542714,0.0647368139971549,0.117870043590975,0.171003273184796,33.5953961795712,33.8291457286432,34.0628952777152,0.297027470098068,0.349984046935472,0.402940623772876,446.090776069434,446.256281407035,446.421786744636,0.0195842592856434,0.0448498097088256,0.0701153601320079,19516.0149676942,20034.2249246231,20552.4348815521,-0.0206052685951858,0.00726538354569307,0.0351360356865719
2.69346733668342,2.69346733668342,2.69346733668342,0.0652703854792358,0.118697340019923,0.17212429456061,34.0894461233885,34.3266331658291,34.5638202082698,0.297481237923032,0.350174961206541,0.40286868449005,449.844973289891,450.010050251256,450.175127212622,0.0198296577981587,0.0451786831126249,0.0705277084270911,19803.0151878073,20328.845879397,20854.6765709866,-0.0206976961409651,0.00748066972738081,0.0356590355957267
2.7035175879397,2.7035175879397,2.7035175879397,0.0657911408171334,0.119498373070173,0.173205605323214,34.5834960672057,34.8241206030151,35.0647451388245,0.297925046607507,0.350372670556825,0.402820294506142,453.599157752857,453.763819095477,453.928480438098,0.0200677581220128,0.0454979715129073,0.0709281849038019,20090.0154079205,20623.4668341709,21156.9182604212,-0.0207846757231473,0.00769909916436412,0.0361828740518755
2.71356783919598,2.71356783919598,2.71356783919598,0.0662991409836581,0.120273142741727,0.174247144499797,35.0775460110229,35.321608040201,35.5656700693791,0.298359647178727,0.350577174986323,0.402794702793919,457.353329361492,457.517587939699,457.681846517905,0.0202986529632362,0.0458076749096729,0.0713166968561096,20377.0156280336,20918.0877889447,21459.1599498558,-0.0208662427588309,0.00792067185664297,0.0367075864721168
2.72361809045226,2.72361809045226,2.72361809045226,0.0667944401304488,0.121021649034585,0.17524885793872,35.5715959548401,35.8190954773869,36.0665949999337,0.29878434589864,0.350788474495037,0.402792603091433,461.107488021016,461.27135678392,461.435225546823,0.0205224299139339,0.0461077933029217,0.0716931566919095,20664.0158481468,21212.7087437186,21761.4016392904,-0.0209424331326216,0.00814538780421739,0.0372332087410564
2.73366834170854,2.73366834170854,2.73366834170854,0.0672770858895543,0.121743891948745,0.176210698007936,36.0656458986574,36.3165829145729,36.5675199304884,0.299199411238585,0.351006569082965,0.402813726927344,464.861633638803,465.025125628141,465.188617617478,0.0207391716134551,0.0463983266926536,0.0720574817718521,20951.0160682599,21507.3296984925,22063.643328725,-0.0210132832000078,0.00837324700708736,0.0377597772141826
2.74371859296482,2.74371859296482,2.74371859296482,0.067747119642643,0.122439871484209,0.177132623325774,36.5596958424746,36.8140703517588,37.068444861043,0.299605600442538,0.351231458750107,0.402857317057677,468.615766124487,468.778894472362,468.942022820236,0.0209489559023528,0.0466792750788687,0.0724095942553847,21238.0162883731,21801.9506532663,22365.8850181596,-0.0210788297906224,0.00860424946525289,0.0382873287211282
2.75376884422111,2.75376884422111,2.75376884422111,0.0682045767600922,0.123109587640976,0.178014598521859,37.0537457862918,37.3115577889447,37.5693697915976,0.300003621685534,0.351463143496465,0.402922665307395,472.369885390059,472.532663316583,472.695441243107,0.021151855969046,0.046950638461567,0.072749420954088,21525.0165084862,22096.5716080402,22668.1267075942,-0.0211391102113828,0.00883839517871398,0.0388159005688108
2.76381909547739,2.76381909547739,2.76381909547739,0.0686494868119516,0.123753040419046,0.17885659402614,37.547795730109,37.8090452261306,38.0702947221523,0.300394131089176,0.351701623322037,0.403009115554899,476.12399134996,476.286432160804,476.448872971648,0.0213479404891427,0.0472124168407485,0.0730768931923542,21812.0167285994,22391.1925628141,22970.3683970288,-0.0211941622495033,0.00907568414747062,0.0393455305444446
2.77386934673367,2.77386934673367,2.77386934673367,0.0690818737525496,0.124370229818419,0.179658585884289,38.0418456739263,38.3065326633166,38.5712196527069,0.300777729995655,0.351946898226824,0.403116066457994,479.878083921187,480.040201005025,480.202318088863,0.021537273757409,0.0474646102164131,0.0733919466754172,22099.0169487125,22685.8135175879,23272.6100864634,-0.0212440241753713,0.00931611637152282,0.0398762569184169
2.78391959798995,2.78391959798995,2.78391959798995,0.0695017560802973,0.124961155839096,0.180420555597895,38.5358956177435,38.8040201005025,39.0721445832615,0.301154962498695,0.352198968210826,0.403242973922957,483.632163023378,483.793969849246,483.955776675114,0.0217199158124012,0.0477072185885609,0.0736945213647207,22386.0171688257,22980.4344723618,23574.851775898,-0.0212887347452802,0.00955969185087058,0.0404081184470214
2.79396984924623,2.79396984924623,2.79396984924623,0.0699091469740555,0.125525818481076,0.181142489988096,39.0299455615607,39.3015075376884,39.5730695138162,0.301526313228011,0.352457833274043,0.403389353320074,487.386228578913,487.547738693467,487.709248808022,0.0218959225537973,0.0479402419571919,0.0739845613605864,22673.0173889388,23275.0554271357,23877.0934653325,-0.0213283332040122,0.00980641058551389,0.04094115437504
2.80402010050251,2.80402010050251,2.80402010050251,0.0703040544072507,0.126064217744359,0.181824381081468,39.5239955053779,39.7989949748744,40.0739944443708,0.301892205382653,0.352723493416474,0.403554781450295,491.140280512999,491.301507537688,491.462734562378,0.022065345852483,0.048163680322306,0.0742620147921291,22960.017609052,23569.6763819096,24179.3351547671,-0.0213628592872619,0.0100562725754528,0.0414754044381675
2.81407035175879,2.81407035175879,2.81407035175879,0.0706864812407645,0.126576353628946,0.182466226017127,40.0180454491952,40.2964824120603,40.5749193749254,0.302253013498111,0.35299594863812,0.403738883778129,494.894318753767,495.05527638191,495.216234010053,0.0222282336534591,0.0483775336839034,0.0745268337143476,23247.0178291651,23864.2973366834,24481.5768442017,-0.021392353223894,0.0103092778206872,0.0420109088652683
2.82412060301508,2.82412060301508,2.82412060301508,0.0710564252954655,0.127062226134835,0.183068026974205,40.5120953930124,40.7939698492462,41.0758443054801,0.302609597854755,0.353275198938981,0.403940800023207,498.648343232349,498.809045226131,498.969747219912,0.0223846300716519,0.0485818020419838,0.0747789740123158,23534.0180492783,24158.9182914573,24783.8185336363,-0.0214168557380255,0.0105654263212172,0.0425477083804599
2.83417085427136,2.83417085427136,2.83417085427136,0.071413879405115,0.127521835262028,0.183629791118942,41.0061453368296,41.2914572864322,41.5767692360347,0.302962640514535,0.353561244319056,0.404159848123578,502.402353882972,502.562814070352,502.723274257732,0.0225345754807088,0.0487764853965475,0.0750183953123862,23821.0182693914,24453.5392462312,25086.0602230709,-0.0214364080509267,0.0108247180770427,0.0430858442050122
2.84422110552764,2.84422110552764,2.84422110552764,0.0717588314502413,0.127955181010525,0.184151530570808,41.5001952806468,41.7889447236181,42.0776941665893,0.303312544870773,0.353854084778347,0.40439562468592,506.156350643031,506.316582914573,506.476815186114,0.0226781065948718,0.0489615837475944,0.0752450609003169,24108.0184895046,24748.160201005,25388.3019125055,-0.0214510518827294,0.0110871530881638,0.0436253580590571
2.85427135678392,2.85427135678392,2.85427135678392,0.0720912643734539,0.128362263380324,0.184633262387195,41.9942452244641,42.286432160804,42.578619097144,0.303659670014866,0.354153720316852,0.404647770618838,509.910333453174,510.070351758794,510.230370064414,0.0228152565440199,0.0491370970951244,0.0754589376462288,24395.0187096177,25042.7811557789,25690.5436019401,-0.0214608294539367,0.0113527313545805,0.0441662921630977
2.8643216080402,2.8643216080402,2.8643216080402,0.0724111561765499,0.128743082371427,0.185075008566304,42.4882951682813,42.78391959799,43.0795440276986,0.304004329790006,0.354460150934572,0.404915972079137,513.664302257372,513.824120603015,513.983938948658,0.0229460549419744,0.0493030254391375,0.0756599959363007,24682.0189297309,25337.4021105528,25992.7852913747,-0.0214657834867243,0.0116214528762927,0.0447086892393097
2.87437185929648,2.87437185929648,2.87437185929648,0.0727184798996476,0.129097637983833,0.185476796068019,42.9823451120985,43.2814070351759,43.5804689582533,0.3043467919906,0.354773376631506,0.405199961272412,517.418257002992,517.577889447236,517.73752189148,0.0230705279481563,0.0494593687796339,0.0758482096111115,24969.019149844,25632.0230653266,26295.0269808093,-0.021465957206025,0.0118933176533005,0.0452525925126259
2.88442211055276,2.88442211055276,2.88442211055276,0.0730132035824778,0.129425930217542,0.185838656852607,43.4763950559157,43.7788944723618,44.0813938888079,0.304687277701551,0.355093397407656,0.40549951711376,521.172197640865,521.331658291457,521.49111894205,0.0231886983226862,0.0496061271166134,0.0760235559105407,25256.0193699572,25926.6440201005,26597.2686702438,-0.0214613943403877,0.0121683256856038,0.0457980457115952
2.89447236180905,2.89447236180905,2.89447236180905,0.0732952902078515,0.129727959072555,0.186160627937259,43.970444999733,44.2763819095477,44.5823188193625,0.305025960772073,0.35542021326302,0.405814465753966,524.926124125349,525.085427135678,525.244730146008,0.0233005854750092,0.0497433004500761,0.0761860154251431,25543.0195900703,26221.2649748744,26899.5103596784,-0.0214521391226021,0.0124464769732027,0.0463450930690074
2.90452261306533,2.90452261306533,2.90452261306533,0.0735646976272213,0.130003724548871,0.18644275147052,44.4644949435502,44.7738693467337,45.0832437499172,0.305362967419337,0.355753824197598,0.40614468097586,528.68003641439,528.8391959799,528.998355545409,0.0234062055061244,0.049870888780022,0.0763355720539196,25830.0198101835,26515.8859296482,27201.752049113,-0.0214382362900803,0.0127277715160971,0.0468937793222745
2.91457286432161,2.91457286432161,2.91457286432161,0.0738213784681512,0.13025322664649,0.186685074824829,44.9585448873674,45.2713567839196,45.5841686804718,0.305698376866141,0.356094230211392,0.406490083556643,532.433934469574,532.592964824121,532.751995178667,0.0235055712444924,0.0499888921064511,0.0764722129684097,26117.0200302966,26810.5068844221,27503.9937385476,-0.0214197310849859,0.0130122093142871,0.0474441497135601
2.92462311557789,2.92462311557789,2.92462311557789,0.074065280023405,0.130476465365412,0.18688765070742,45.4525948311846,45.7688442211055,46.0850936110264,0.306032358661683,0.3564414313044,0.406850503947118,536.187818256182,536.346733668342,536.505649080502,0.0235986922756857,0.0500973104293633,0.0765959285830408,26404.0202504098,27105.127839196,27806.2354279822,-0.0213966692541022,0.0132997903677726,0.0479962499896475
2.93467336683417,2.93467336683417,2.93467336683417,0.0742963441212651,0.130673440705638,0.187050537290011,45.9466447750019,46.2663316582915,46.5860185415811,0.306365037788408,0.356795427476624,0.407225817164839,539.941687743233,540.100502512563,540.259317281893,0.0236855749658427,0.0501961437487587,0.0767067125316747,26691.0204705229,27399.7487939699,28108.4771174168,-0.02136909704843,0.0135905146765538,0.0485501264015375
2.94472361809045,2.94472361809045,2.94472361809045,0.0745145069765883,0.130844152667167,0.187173798357745,46.4406947188191,46.7638190954774,47.0869434721357,0.30669641613659,0.357156218728061,0.407616021319532,543.695542903527,543.854271356784,544.012999810041,0.0237662224789753,0.0502853920646372,0.0768045616502992,26978.0206906361,27694.3697487437,28410.7188068514,-0.0213370612225067,0.0138843822406304,0.0491058257037676
2.95477386934673,2.95477386934673,2.95477386934673,0.0747196990220021,0.130988601249999,0.187257503477996,46.9347446626363,47.2613065326633,47.5878684026903,0.307026456179724,0.357523805058714,0.408021153937704,547.449383713681,547.608040201005,547.766696688329,0.0238406347881749,0.050365055376999,0.0768894759658231,27265.0209107492,27988.9907035176,28712.960496286,-0.0213006090334372,0.0141813930600026,0.0496633951534425
2.96482412060301,2.96482412060301,2.96482412060301,0.0749118447185404,0.131106786454134,0.187301728189728,47.4287946064535,47.7587939698492,48.088793333245,0.307355081149609,0.357898186468581,0.408441291787554,551.20321015416,551.361809045226,551.520407936292,0.0239088086807514,0.0504351336858439,0.0769614586909364,27552.0211308624,28283.6116582915,29015.2021857206,-0.021259788239627,0.0144815471346704,0.0502228825089678
2.9748743718593,2.9748743718593,2.9748743718593,0.0750908623449067,0.131198708279573,0.187306554214239,47.9228445502707,48.2562814070352,48.5897182637996,0.307682175306233,0.358279362957663,0.408876550609093,554.957022209305,555.115577889447,555.274133569589,0.0239707377573331,0.050495626991172,0.0770205162250108,27839.0213509755,28578.2326130653,29317.4438751551,-0.0212146470992106,0.0147848444646338,0.0507843360284782
2.98492462311558,2.98492462311558,2.98492462311558,0.0752566637644452,0.131264366726315,0.187272069688184,48.416894494088,48.7537688442211,49.0906431943542,0.308007584303116,0.35866733452596,0.409327084748805,558.710819867352,558.869346733668,559.027873599984,0.0240264124249472,0.0505465352929832,0.0770666581610193,28126.0215710887,28872.8535678392,29619.6855645897,-0.0211652343681643,0.0150912850498927,0.0513478044679496
2.99497487437186,2.99497487437186,2.99497487437186,0.0754091541687807,0.13130376179436,0.187198369419939,48.9109444379052,49.251256281407,49.5915681249089,0.308331115649331,0.359062101173472,0.409793086697613,562.464603120451,562.623115577889,562.781628035328,0.024075819884092,0.0505878585912777,0.0770998972984634,28413.0217912018,29167.4745226131,29921.9272540243,-0.0211115992980956,0.0154008688904471,0.0519133370789898
3.00502512562814,3.00502512562814,3.00502512562814,0.0755482317969743,0.131316893483708,0.187085555170443,49.4049943817224,49.748743718593,50.0924930554635,0.308652539269977,0.359463662900198,0.41027478653042,566.218371964672,566.376884422111,566.535396879549,0.0241189441098057,0.0506195968860553,0.0771202496623048,28700.022011315,29462.0954773869,30224.1689434589,-0.0210537916337006,0.0157135959862971,0.0524809836062948
3.01507537688442,3.01507537688442,3.01507537688442,0.0756857070790163,0.131321532894096,0.186957358709175,49.8990443255396,50.2462311557789,50.5934179860181,0.308971588167231,0.359872019706139,0.410772451245047,569.972126400016,570.130653266332,570.289180132648,0.0241557658267286,0.050641750177316,0.0771277345279035,28987.0222314281,29756.7164321608,30526.4106328935,-0.0209918616098815,0.0160294663374427,0.0530507942847668
3.0251256281407,3.0251256281407,3.0251256281407,0.0758334938404223,0.131335451125257,0.186837408410093,50.3930942693569,50.7437185929648,51.0943429165728,0.309292062927191,0.360287171591295,0.4112822802554,573.725866430411,573.884422110553,574.042977790695,0.0241862624781482,0.05065431846506,0.0771223744519718,29274.0224515413,30051.3373869347,30828.6523223281,-0.0209258599485139,0.0163484799438838,0.0536228198362814
3.03517587939699,3.03517587939699,3.03517587939699,0.0759916373395173,0.131358648177194,0.18672565901487,50.8871442131741,51.2412060301507,51.5952678471274,0.309618080067686,0.360709118555666,0.411800157043645,577.479592063708,577.638190954774,577.79678984584,0.0242105848638621,0.0506574724987328,0.0771043601336035,29561.0226716544,30345.9583417085,31130.8940117627,-0.0208558378548583,0.0166706368056205,0.0541971114660992
3.04522613065327,3.04522613065327,3.04522613065327,0.0761601792357464,0.131391124049905,0.186622068864063,51.3811941569913,51.7386934673367,52.096192777682,0.30994956801702,0.361137860599251,0.412326153181482,581.233303311671,581.391959798995,581.550616286319,0.0242341025473807,0.0506574724987328,0.077080842450085,29848.0228917676,30640.5792964824,31433.1357011973,-0.0207818470136064,0.0169959369226527,0.0547737208589118
3.05527638190955,3.05527638190955,3.05527638190955,0.0763391575538937,0.13143287874339,0.186526599932887,51.8752441008085,52.2361809045226,52.5971177082367,0.310286451620825,0.361573397722051,0.412860343823278,584.987000189959,585.145728643216,585.304457096473,0.0242588007010343,0.0506574724987328,0.0770561442964314,30135.0231118807,30935.2002512563,31735.3773906319,-0.0207039395845548,0.0173243802949805,0.0553527001745158
3.06532663316583,3.06532663316583,3.06532663316583,0.0765286066469523,0.13148391225765,0.186439217868348,52.3692940446258,52.7336683417085,53.0980426387913,0.310628652614747,0.362015729924066,0.413402807233385,588.740682718107,588.899497487437,589.058312256767,0.0242846647685698,0.0506574724987328,0.0770302802288959,30422.0233319939,31229.8212060302,32037.6190800664,-0.0206221681978986,0.0176559669226038,0.0559341020431063
3.07537688442211,3.07537688442211,3.07537688442211,0.0767285571575154,0.131544224592685,0.186359892027854,52.863343988443,53.2311557788945,53.598967569346,0.31097608967613,0.362464857205296,0.413953624734462,592.494350919498,592.653266331658,592.812181743818,0.0243117035526811,0.0506574724987328,0.0770032414447845,30709.023552107,31524.442160804,32339.860769501,-0.0205365859491386,0.0179906968055227,0.0565179795601841
3.08542713567839,3.08542713567839,3.08542713567839,0.0769390359775661,0.131613815748494,0.186288595519422,53.3573939322602,53.7286432160804,54.0998924999006,0.311328678477648,0.36292077956574,0.414512880653832,596.248004821333,596.407035175879,596.566065530426,0.0243399247353206,0.0506574724987328,0.0769750202621451,30996.0237722202,31819.0631155779,32642.1024589356,-0.0204472463935939,0.0183285699437372,0.0571043862810683
3.09547738693467,3.09547738693467,3.09547738693467,0.0771600662065434,0.131692685725078,0.186225305243612,53.8514438760774,54.2261306532663,54.6008174304552,0.311686331743004,0.363383497005399,0.415080662267794,600.001644454591,600.1608040201,600.31996358561,0.0243693348753772,0.0506574724987328,0.0769456101220885,31283.0239923333,32113.6840703518,32944.3441483702,-0.0203542035405153,0.0186695863372472,0.0576933762150098
3.10552763819095,3.10552763819095,3.10552763819095,0.0773916671075697,0.131780834522436,0.186170001937302,54.3454938198947,54.7236180904523,55.1017423610099,0.312048959304784,0.363853009524273,0.415657059743763,603.755269853992,603.914572864322,604.073875874651,0.0243999394056016,0.0506574724987328,0.0769150055918641,31570.0242124465,32408.3050251256,33246.5858378048,-0.0202575118467915,0.0190137459860528,0.0582850038188971
3.11557788944724,3.11557788944724,3.11557788944724,0.0776338540617275,0.131878262140569,0.18612267021941,54.8395437637119,55.2211055276382,55.6026672915645,0.312416468164579,0.364329317122362,0.416242166080144,607.50888105795,607.668341708543,607.827802359135,0.0244317426287595,0.0506574724987328,0.0768832023687061,31857.0244325596,32702.9259798995,33548.8275272394,-0.020157226210244,0.0193610488901539,0.0588793239905519
3.12562814070352,3.12562814070352,3.12562814070352,0.0778866385202788,0.131984968579476,0.186083298638674,55.3335937075291,55.7185929648241,56.1035922221191,0.312788762555479,0.364812419799665,0.416836077043851,611.26247810852,611.422110552764,611.581742997008,0.0244647477129945,0.0506574724987328,0.0768501972844711,32144.0246526728,32997.5469346734,33851.069216674,-0.0200534019625048,0.0197114950495506,0.0594763920616061
3.1356783919598,3.1356783919598,3.1356783919598,0.0781500279547259,0.132100953839158,0.18605187972359,55.8276436513463,56.21608040201,56.6045171526738,0.313165744007009,0.365302317556183,0.417438891105358,615.016061051342,615.175879396985,615.335697742628,0.0244989566863839,0.0506574724987328,0.0768159883110818,32431.0248727859,33292.1678894472,34153.3109061086,-0.0199460948614723,0.0200650844642429,0.0600762637899581
3.14572864321608,3.14572864321608,3.14572864321608,0.0784240258046182,0.132226217919615,0.186028410034611,56.3216935951636,56.713567839196,57.1054420832284,0.313547311412627,0.365799010391916,0.418050709371206,618.769629935586,618.929648241206,619.089666546826,0.0245343704306697,0.0506574724987328,0.076780574566796,32718.0250928991,33586.7888442211,34455.5525955432,-0.0198353610833411,0.0204218171342307,0.0606789953518024
3.15577889447236,3.15577889447236,3.15577889447236,0.0787086314230146,0.132360760820846,0.186012890218677,56.8157435389808,57.2110552763819,57.606367013783,0.313933361099837,0.366302498306864,0.418671635513891,622.523184813886,622.683417085427,622.843649356969,0.0245709886741498,0.0506574724987328,0.0767439563233158,33005.0253130122,33881.409798995,34757.7942849777,-0.0197212572142021,0.020781693059514,0.0612846433332302
3.16582914572864,3.16582914572864,3.16582914572864,0.0790038400195206,0.132504582542851,0.186005325066182,57.309793482798,57.7085427135678,58.1072919443377,0.314323786903017,0.366812781301026,0.419301775699036,626.276725742268,626.437185929648,626.597646117028,0.0246088099837114,0.0506574724987328,0.0767061350137543,33292.0255331254,34176.0307537688,35060.0359744123,-0.0196038402412103,0.0211447122400929,0.0618932647213961
3.17587939698492,3.17587939698492,3.17587939698492,0.0793096426008234,0.132657683085631,0.186005723570439,57.8038434266152,58.2060301507538,58.6082168748923,0.314718480239007,0.367329859374403,0.4199412385098,630.030252780088,630.190954773869,630.351656767651,0.0246478317559923,0.0506574724987328,0.0766671132414734,33579.0257532385,34470.6517085427,35362.2776638469,-0.0194831675433158,0.0215108746759674,0.0625049168952507
3.18592964824121,3.18592964824121,3.18592964824121,0.0796260259086577,0.132820062449186,0.186014098989714,58.2978933704325,58.7035175879397,59.1091418054469,0.31511733018553,0.367853732526995,0.42059013486846,633.783765989947,633.94472361809,634.105681246233,0.0246880502076552,0.0506574724987328,0.0766268947898105,33866.0259733517,34765.2726633166,35664.5193532815,-0.0193592968815595,0.0218801803671374,0.0631196576158344
3.19597989949749,3.19597989949749,3.19597989949749,0.0799529723551452,0.132991720633515,0.186030468911885,58.7919433142497,59.2010050251256,59.6100667360016,0.315520223562496,0.368384400758802,0.421248577955108,637.537265437623,637.698492462312,637.859719487001,0.0247294603647605,0.0506574724987328,0.0765854846327051,34153.0261934648,35059.8936180905,35966.7610427161,-0.0192322863889282,0.022252629313603,0.0637375450161342
3.20603015075377,3.20603015075377,3.20603015075377,0.080290459955457,0.133172657638619,0.186054855321781,59.2859932580669,59.6984924623116,60.1109916665562,0.315927045016209,0.368921864069823,0.421916683123438,641.290751191978,641.452261306533,641.613771421087,0.0247720560512236,0.0506574724987328,0.0765428889462421,34440.026413578,35354.5145728643,36269.0027321507,-0.0191021945597716,0.0226282215153642,0.0643586375904999
3.21608040201005,3.21608040201005,3.21608040201005,0.0806384622577622,0.133362873464497,0.186087284671233,59.7800432018841,60.1959798994975,60.6119165971108,0.316337677106531,0.36946612246006,0.422594567813588,645.044223324886,645.206030150754,645.367836976622,0.024815829876343,0.0506574724987328,0.0764991151211226,34727.0266336911,35649.1355276382,36571.2444215853,-0.01896908023878,0.0230069569724209,0.0649829941836218
3.22613065326633,3.22613065326633,3.22613065326633,0.0809969482704353,0.13356236811115,0.186127787951866,60.2740931457014,60.6934673366834,61.1128415276655,0.316752000396996,0.370017175929511,0.423282351462025,648.797681911137,648.959798994975,649.121916078813,0.024860773221389,0.0506574724987328,0.0764541717760766,35014.0268538043,35943.7564824121,36873.4861110199,-0.0188330026095234,0.0233888356847731,0.0656106739790697
3.23618090452261,3.23618090452261,3.23618090452261,0.081365882386508,0.133771141578578,0.186176400770648,60.7681430895186,61.1909547738693,61.6137664582201,0.31716989354789,0.370575024478176,0.423980155408463,652.551127028352,652.713567839196,652.87600865004,0.0249068762252387,0.0506574724987328,0.076408068772227,35301.0270739174,36238.3774371859,37175.7278004545,-0.0186940211825538,0.0237738576524209,0.0662417364873957
3.24623115577889,3.24623115577889,3.24623115577889,0.0817452243053665,0.13398919386678,0.186233163428193,61.2621930333358,61.6884422110553,62.1146913887748,0.317591233412275,0.371139668106057,0.424688102799838,656.304558756893,656.467336683417,656.630114609941,0.0249541277690486,0.0506574724987328,0.0763608172284171,35588.0272940306,36532.9983919598,37477.9694898891,-0.0185521957830731,0.0241620228753643,0.0668762415338018
3.25628140703518,3.25628140703518,3.25628140703518,0.0821349289517082,0.134216524975757,0.186298120999805,61.756242977153,62.1859296482412,62.6156163193294,0.318015895134948,0.371711106813152,0.425406318491355,660.057977179764,660.221105527638,660.384233875513,0.0250025154599549,0.0506574724987328,0.0763124295375108,35875.0275141437,36827.6193467337,37780.2111793236,-0.0184075865381701,0.0245533313536032,0.0675142492453766
3.26633165829146,3.26633165829146,3.26633165829146,0.0825349463917911,0.134453134905508,0.186371323419224,62.2502929209703,62.6834170854271,63.116541249884,0.31844375225428,0.372289340599462,0.426134928944644,663.811382382522,663.974874371859,664.138366361197,0.0250520256137921,0.0506574724987328,0.0762629193836736,36162.0277342569,37122.2403015075,38082.4528687582,-0.0182602538636289,0.0249477830871377,0.0681558200379043
3.27638190954774,3.27638190954774,3.27638190954774,0.0829452217470252,0.134699023656033,0.186452825565042,62.7443428647875,63.1809045226131,63.6174661804387,0.318874676806881,0.372874369464986,0.426874062123091,667.564774453177,667.72864321608,667.892511978984,0.0251026432368242,0.0506574724987328,0.0762123017606415,36449.02795437,37416.8612562814,38384.6945581928,-0.0181102584503161,0.0253453780759678,0.0688010146022517
3.28643216080402,3.28643216080402,3.28643216080402,0.0833656951049769,0.134954191227334,0.18654268734969,63.2383928086047,63.678391959799,64.1183911109933,0.319308539435042,0.373466193409726,0.42762384738441,671.318153482095,671.482412060301,671.646670638508,0.025154352006482,0.0506574724987328,0.0761605929909837,36736.0281744832,37711.4822110553,38686.9362476274,-0.01795766125015,0.0257461163200934,0.0694498938903368
3.2964824120603,3.2964824120603,3.2964824120603,0.0837963014278795,0.135218637619408,0.186640973810937,63.7324427524219,64.1758793969849,64.6193160415479,0.319745209496832,0.37406481243368,0.428384415370528,675.071519561902,675.236180904523,675.400842247143,0.0252071342511019,0.0506574724987328,0.0761078107463638,37023.0283945963,38006.1031658291,38989.177937062,-0.0178025234616595,0.0261499978195145,0.0701025191006886
3.30653266331658,3.30653266331658,3.30653266331658,0.0842369704587649,0.135492362832258,0.186747755205751,64.2264926962391,64.6733668341708,65.1202409721026,0.32018455517878,0.374670226536849,0.429155897894918,678.824872787378,678.989949748744,679.155026710109,0.0252609709286663,0.0506574724987328,0.0760539740687994,37310.0286147094,38300.724120603,39291.4196264966,-0.01764490651514,0.0265570225742312,0.0707589516636025
3.31658291457286,3.31658291457286,3.31658291457286,0.0846876266253604,0.135775366865882,0.186863107106403,64.7205426400564,65.1708542713568,65.6211659026572,0.320626443611006,0.375282435719233,0.429938427827459,682.578213255364,682.743718592965,682.909223930566,0.025315841604542,0.0506574724987328,0.0759991033929237,37597.0288348226,38595.3450753769,39593.6613159312,-0.017484872057414,0.0269671905842435,0.071419253225901
3.32663316582915,3.32663316582915,3.32663316582915,0.0851481889419219,0.13606764972028,0.186987110498638,65.2145925838736,65.6683417085427,66.1220908332118,0.321070740984664,0.375901439980831,0.430732138976998,686.331541064656,686.497487437186,686.663433809715,0.0253717244282225,0.0506574724987328,0.0759432205692431,37884.0290549357,38889.9660301508,39895.9030053658,-0.0173224819362066,0.0273805018495513,0.0720834856353093
3.33668341708543,3.33668341708543,3.33668341708543,0.0856185709092045,0.136369211395453,0.187119851881702,65.7086425276908,66.1658291457286,66.6230157637665,0.321517312671557,0.376527239321644,0.431537165971732,690.084856315909,690.251256281407,690.417656246905,0.0254285961090761,0.0506574724987328,0.0758863488883895,38171.0292750489,39184.5869849246,40198.1446948004,-0.0171577981841444,0.0277969563701547,0.0727517109244538
3.34673366834171,3.34673366834171,3.34673366834171,0.0860986804128062,0.136680051891401,0.187261423369995,66.202692471508,66.6633165829146,67.1239406943211,0.321966023345737,0.377159833741672,0.432353644137607,693.838159111532,694.005025125628,694.171891139725,0.0254864318911086,0.0506574724987328,0.0758285131063571,38458.029495162,39479.2079396985,40500.3863842349,-0.0169908830023903,0.0282165541460536,0.0734239912944976
3.35678391959799,3.35678391959799,3.35678391959799,0.0865884196201586,0.137000171208123,0.187411922796087,66.6967424153253,67.1608040201005,67.6248656248757,0.322416737106929,0.377799223240915,0.433181709374901,697.59144955559,697.758793969849,697.926138384109,0.025545205526751,0.0506574724987328,0.0757697394707147,38745.0297152752,39773.8288944724,40802.6280736695,-0.0168217987439249,0.0286392951772481,0.0741003890984212
3.36683417085427,3.36683417085427,3.36683417085427,0.0870876848764717,0.13732956934562,0.187571453814768,67.1907923591425,67.6582914572864,68.1257905554304,0.322869317605547,0.378445407819372,0.434021498033197,701.344727753705,701.51256281407,701.680397874436,0.0256048892496877,0.0506574724987328,0.075710055747778,39032.0299353883,40068.4498492462,41104.8697631041,-0.0166506078964883,0.0290651794637382,0.0747809668239647
3.37688442211055,3.37688442211055,3.37688442211055,0.0875963665999894,0.137668246303891,0.187740126007792,67.6848423029597,68.1557788944724,68.626715485985,0.323323628169123,0.379098387477045,0.434873146784967,705.097993812955,705.266331658291,705.434669503628,0.0256654537467406,0.0506574724987328,0.0756494912507251,39319.0301555015,40363.0708040201,41407.1114525387,-0.0164773730651945,0.0294942070055238,0.0754657870762421
3.38693467336683,3.38693467336683,3.38693467336683,0.0881143491769505,0.138016202082937,0.187918054988923,68.1788922467769,68.6532663316583,69.1276404165396,0.323779531929879,0.379758162213932,0.435736792497985,708.851247841776,709.020100502513,709.188953163249,0.025726868128834,0.0506574724987328,0.0755880768686316,39606.0303756146,40657.691758794,41709.3531419733,-0.0163021569548348,0.029926377802605,0.0761549125600447
3.39698492462312,3.39698492462312,3.39698492462312,0.0886415108567035,0.138373436682757,0.188105362508811,68.6729421905942,69.1507537688442,69.6285653470943,0.324236891953235,0.380424732030033,0.436612572106831,712.604489949864,712.773869346734,712.943248743603,0.025789099901067,0.0506574724987328,0.0755258450963986,39893.0305957278,40952.3127135678,42011.5948314079,-0.0161250223518835,0.0303616918549817,0.0768484060618469
3.4070351758794,3.4070351758794,3.4070351758794,0.0891777236474708,0.138739950103352,0.188302176559233,69.1669921344114,69.6482412060301,70.1294902776489,0.32469557136697,0.38109809692535,0.437500622483729,716.357720248081,716.527638190955,716.697556133829,0.0258521149319237,0.0506574724987328,0.0754628300655419,40180.0308158409,41246.9336683417,42313.8365208425,-0.0159460321062244,0.030800149162654,0.0775463304315323
3.41708542713568,3.41708542713568,3.41708542713568,0.0897228532133142,0.139115742344722,0.188508631476129,69.6610420782286,70.1457286432161,70.6304152082035,0.325155433490774,0.381778256899881,0.438401080308988,720.110938848355,720.281407035176,720.451875221997,0.0259158774216617,0.0506574724987328,0.0753990675758039,40467.0310359541,41541.5546231156,42616.0782102771,-0.0157652491126129,0.0312417497256218,0.0782487485638565
3.42713567839196,3.42713567839196,3.42713567839196,0.0902767587729127,0.139500813406866,0.188724868040818,70.1550920220458,70.643216080402,71.1313401387582,0.325616341965917,0.382465211953627,0.439314081941337,723.864145863593,724.035175879397,724.206205895201,0.025980349869921,0.0506574724987328,0.0753345951275446,40754.0312560672,41836.1755778895,42918.3198997117,-0.0155827362918934,0.0316864935438852,0.0789557233796638
3.43718592964824,3.43718592964824,3.43718592964824,0.0908392930008194,0.139895163289784,0.188951033578749,70.6491419658631,71.1407035175879,71.6322650693128,0.326078160884741,0.383158962086588,0.440239763288435,727.617341407582,727.788944723618,727.960548039655,0.026045493042605,0.0506574724987328,0.0752694519548607,41041.0314761804,42130.7965326633,43220.5615891462,-0.01539855657199,0.0321343806174441,0.0796673178068783
3.44723618090452,3.44723618090452,3.44723618090452,0.0914103019319333,0.140298791993477,0.189187282055021,71.1431919096803,71.6381909547739,72.1331899998674,0.326540754919679,0.383859507298763,0.441178259677848,731.370525594902,731.542713567839,731.714901540776,0.0261112659380908,0.0506574724987328,0.0752036790593749,41328.0316962935,42425.4174874372,43522.8032785808,-0.0152127728686895,0.0325854109462987,0.0803835947612868
3.4572864321608,3.4572864321608,3.4572864321608,0.0919896248699851,0.140711699517945,0.189433774165905,71.6372418534975,72.1356783919598,72.6341149304221,0.327003989451497,0.384566847590153,0.44212970572881,735.123698540839,735.29648241206,735.469266283281,0.0261776257528361,0.0506574724987328,0.0751373192446295,41615.0319164067,42720.0384422111,43825.0449680154,-0.0150254480662377,0.0330395845304487,0.0811046171271351
3.46733668341709,3.46733668341709,3.46733668341709,0.0925770943009038,0.141133885863187,0.189690677425471,72.1312917973147,72.6331658291457,73.1350398609767,0.327467730696451,0.385280982960758,0.443094235225065,738.876860361293,739.050251256281,739.22364215127,0.0262445278464554,0.0506574724987328,0.0750704171510103,41902.0321365198,43014.6593969849,44127.28665745,-0.0148366449977691,0.0334969013698943,0.0818304477375578
3.47738693467337,3.47738693467337,3.47738693467337,0.093172535812005,0.141565351029204,0.189958166246403,72.625341741132,73.1306532663317,73.6359647915314,0.327931845832053,0.386001913410578,0.444071980989103,742.630011172696,742.804020100502,742.978029028309,0.0263119257063503,0.0506574724987328,0.0750030192911154,42189.032356633,43309.2803517588,44429.5283468846,-0.0146464264255927,0.0339573614646355,0.0825611493548637
3.48743718592965,3.48743718592965,3.48743718592965,0.0937757680180109,0.142006095015995,0.19023642201398,73.1193916849492,73.6281407035176,74.136889722086,0.32839620312112,0.386729638939613,0.445063074758105,746.38315109193,746.557788944724,746.732426797517,0.0263797709119876,0.0506574724987328,0.074935174085478,42476.0325767461,43603.9013065327,44731.7700363192,-0.0144548550213538,0.0344209648146723,0.0832967846506983
3.49748743718593,3.49748743718593,3.49748743718593,0.0943866024949866,0.142456117823561,0.190525633152136,73.6134416287664,74.1256281407035,74.6378146526406,0.328860672033808,0.387464159547862,0.446067647061916,750.136280236243,750.311557788945,750.486835341646,0.0264480130989292,0.0506574724987328,0.0748669318985365,42763.0327968593,43898.5222613065,45034.0117257538,-0.0142619933460972,0.0348877114200045,0.0840374161861062
3.50753768844221,3.50753768844221,3.50753768844221,0.0950048437233514,0.142915419451902,0.190825995180452,74.1074915725836,74.6231155778895,75.1387395831953,0.329325123367315,0.388205475235326,0.447085827103337,753.889398723173,754.065326633166,754.241254543158,0.0265165999227286,0.0506574724987328,0.074798345074737,43050.0330169724,44193.1432160804,45336.2534151884,-0.0140679038302527,0.0353576012806324,0.0847831063915175
3.51758793969849,3.51758793969849,3.51758793969849,0.0956299874378891,0.143383999901017,0.191138012364145,74.6015415164008,75.1206030150754,75.6396645137499,0.329789429362943,0.388953586002005,0.448117742641067,757.64250667047,757.819095477387,757.995684284304,0.0265854770228242,0.0506574724987328,0.0747294679746414,43337.0332370856,44487.7641708543,45638.495104623,-0.0138726487535683,0.0358306343965558,0.0855339175466799
3.52763819095477,3.52763819095477,3.52763819095477,0.0962615373936473,0.143861859170906,0.191462180948166,75.0955914602181,75.6180904522613,76.1405894443045,0.330253463820224,0.389708491847898,0.449163519875572,761.395604196021,761.572864321608,761.750124447195,0.0266545879865673,0.0506574724987328,0.0746603570108984,43624.0334571987,44782.3851256281,45940.7367940575,-0.0136762902250137,0.0363068107677747,0.0862899117605632
3.53768844221106,3.53768844221106,3.53768844221106,0.0968993003996083,0.144348997261571,0.191798694123533,75.5896414040353,76.1155778894472,76.6415143748592,0.330717102207816,0.390470192773006,0.450223283338197,765.148691417781,765.326633165829,765.504574913877,0.0267238743135413,0.0506574724987328,0.0745910706839244,43911.0336773119,45077.006080402,46242.9784834921,-0.0134788901626794,0.0367861303942893,0.087051150951258
3.54773869346734,3.54773869346734,3.54773869346734,0.0975430774869332,0.144845414173009,0.192147750859085,76.0836913478525,76.6130653266332,77.1424393054138,0.331180221770882,0.391238688777329,0.451297155783777,768.901768453699,769.08040201005,769.259035566401,0.0267932753803407,0.0506574724987328,0.074521669617125,44198.033897425,45371.6270351759,46545.2201729267,-0.0132805102736964,0.0372685932760993,0.087817696825895
3.55778894472362,3.55778894472362,3.55778894472362,0.0981926639503585,0.145351109905223,0.192509555860087,76.5777412916698,77.1105527638191,77.6433642359684,0.331642701634689,0.392013979860867,0.452385258087045,772.654835421656,772.834170854271,773.013506286886,0.0268627284059936,0.0506574724987328,0.0744522165914721,44485.0341175382,45666.2479899497,46847.4618623613,-0.0130812120342,0.037754199413205,0.08858961086061
3.5678391959799,3.5678391959799,3.5678391959799,0.0988478494050228,0.14586608445821,0.192884319511398,77.071791235487,77.608040201005,78.1442891665231,0.332104422904154,0.39279606602362,0.453487709143085,776.407892439395,776.587939698493,776.76798695759,0.026932168418228,0.0506574724987328,0.0743827765792377,44772.0343376513,45960.8689447236,47149.7035517959,-0.0128810566693653,0.0382429488056062,0.0893669542805776
3.57788944723618,3.57788944723618,3.57788944723618,0.0995084178598478,0.146390337831973,0.193272257804098,77.5658411793042,78.1055276381909,78.6452140970777,0.332565268759109,0.393584947265587,0.454604625772065,780.16093962446,780.341708542714,780.522477460967,0.0270015282207992,0.0506574724987328,0.0743134167766665,45059.0345577645,46255.4898994975,47451.9452412305,-0.0126801051335365,0.0387348414533029,0.0901497880401423
3.58793969849246,3.58793969849246,3.58793969849246,0.100174147808602,0.14692387002651,0.193673592244418,78.0598911231214,78.6030150753769,79.1461390276323,0.333025124545042,0.394380623586769,0.455736122628496,783.913977094138,784.095477386935,784.276977679732,0.0270707383621123,0.0506574724987328,0.0742442066353534,45346.0347778776,46550.1108542714,47754.1869306651,-0.0124784180904782,0.0392298773562952,0.0909381728030687
3.59798994974874,3.59798994974874,3.59798994974874,0.10084481233976,0.147466681041821,0.194088549743883,78.5539410669386,79.1005025125628,79.647063958187,0.333483877859111,0.395183094987166,0.456882312115221,787.667004965399,787.849246231156,788.031487496913,0.0271397271053918,0.0506574724987328,0.0741752178920739,45633.0349979908,46844.7318090452,48056.4286200997,-0.0122760558937728,0.0397280565145831,0.0917321689229389
3.60804020100502,3.60804020100502,3.60804020100502,0.101520179266259,0.148018770877907,0.194517362489556,79.0479910107559,79.5979899497487,80.1479888887416,0.333941418631238,0.395992361466777,0.458043304302316,791.420023354841,791.603015075377,791.786006795913,0.0272084204006684,0.0506574724987328,0.0741065245967973,45920.0352181039,47139.3527638191,48358.6703095343,-0.0120730785673881,0.0402293789281665,0.0925318364237211
3.61809045226131,3.61809045226131,3.61809045226131,0.102200011276208,0.148580139534768,0.194960267793327,79.5420409545731,80.0954773869347,80.6489138192963,0.334397639200105,0.396808423025603,0.459219206851102,795.173032378637,795.356783919598,795.540535460559,0.0272767418588734,0.0506574724987328,0.0740382031385923,46207.0354382171,47433.973718593,48660.9119989689,-0.0118695457864427,0.0407338445970455,0.0933372349805336
3.62814070351759,3.62814070351759,3.62814070351759,0.102884066105568,0.149150787012403,0.195417507919238,80.0360908983903,80.5929648241206,81.1498387498509,0.334852434383904,0.397631279663645,0.460410124943385,798.926032152486,799.110552763819,799.295073375153,0.0273446127283471,0.0506574724987328,0.0739703322691186,46494.0356583302,47728.5946733668,48963.1536884034,-0.0116655168581916,0.04124145352122,0.0941484239006316
3.63819095477387,3.63819095477387,3.63819095477387,0.103572096733736,0.149730713310813,0.19588932988789,80.5301408422075,81.0904522613065,81.6507636804055,0.335305701545713,0.3984609313809,0.461616161216087,802.67902279156,802.86432160804,803.04962042452,0.0274119518740908,0.0506574724987328,0.0739029931233749,46781.0358784434,48023.2156281407,49265.395377838,-0.0114610507032581,0.0417522057006901,0.0949654621046382
3.64824120603015,3.64824120603015,3.64824120603015,0.104263851602917,0.150319918429997,0.196375985257077,81.0241907860248,81.5879396984925,82.1516886109602,0.335757340653381,0.399297378177371,0.46283741570136,806.432004410464,806.618090452261,806.804176494058,0.0274786757601068,0.0506574724987328,0.0738362692373589,47068.0360985565,48317.8365829146,49567.6370672726,-0.0112562058371352,0.0422661011354557,0.0957884081080466
3.65829145728643,3.65829145728643,3.65829145728643,0.104959074862031,0.150918402369956,0.19687772987788,81.518240729842,82.0854271356784,82.6526135415148,0.336207254333843,0.400140620053056,0.464073985772269,810.184977123189,810.371859296482,810.558741469776,0.0275446984351929,0.0506574724987328,0.0737702465622727,47355.0363186697,48612.4575376884,49869.8787567072,-0.0110510403519819,0.0427831398255169,0.0966173200030157
3.66834170854271,3.66834170854271,3.66834170854271,0.105657506635803,0.151526165130689,0.197394823625575,82.0122906736592,82.5829145728643,83.1535384720694,0.3366553479218,0.400990657007956,0.465325966094113,813.937941043067,814.125628140703,814.31331523834,0.0276099315225743,0.0506574724987328,0.0737050134748914,47642.0365387828,48907.0784924623,50172.1204461418,-0.0108456118987352,0.0433033217708737,0.0974522554404825
3.67839195979899,3.67839195979899,3.67839195979899,0.106358883319544,0.152143206712197,0.19792753010485,82.5063406174764,83.0804020100502,83.6544634026241,0.33710152950272,0.401847489042071,0.466593448581421,817.690896282741,817.879396984925,818.067897687108,0.0276742842137736,0.0506574724987328,0.0736406607836921,47929.036758896,49201.6994472362,50474.3621355764,-0.0106399776695633,0.043826646971526,0.0982932716126153
3.68844221105528,3.68844221105528,3.68844221105528,0.107062937899963,0.152769527114479,0.198476116328996,83.0003905612937,83.5778894472362,84.1553883331787,0.337545709950153,0.402711116155401,0.467876522360648,821.443842954117,821.633165829146,821.822488704175,0.0277376632671367,0.0506574724987328,0.073577281730329,48216.0369790091,49496.3204020101,50776.603825011,-0.0104341943806803,0.0443531154274739,0.099140425235628
3.69849246231156,3.69849246231156,3.69849246231156,0.107769400302177,0.153405126337536,0.199040852372896,83.4944405051109,84.0753768844221,84.6563132637333,0.337987802957346,0.403581538347945,0.469175273738543,825.196781168337,825.386934673367,825.577088178397,0.0277999730114462,0.0506574724987328,0.0735149719860194,48503.0371991223,49790.9413567839,51078.8455144456,-0.0102283182555449,0.0448827271387173,0.0999937725329794
3.70854271356784,3.70854271356784,3.70854271356784,0.108477997762887,0.154050004381368,0.199622010999849,83.9884904489281,84.572864321608,85.157238194288,0.338427725063208,0.404458755619704,0.4704897861762,828.949711035741,829.140703517588,829.331695999435,0.0278611153550678,0.0506574724987328,0.0734538296423978,48790.0374192354,50085.5623115578,51381.0872038802,-0.0100224050084632,0.0454154821052563,0.100853369218976
3.71859296482412,3.71859296482412,3.71859296482412,0.109188455229466,0.154704161245974,0.200219867262482,84.4825403927453,85.070351758794,85.6581631248426,0.338865395672654,0.405342767970678,0.471820140268702,832.70263266584,832.894472361809,833.086312057778,0.0279209898010851,0.0506574724987328,0.0733939551963805,49077.0376393486,50380.1832663317,51683.3288933147,-0.00981650982861664,0.0459513803270908,0.101719270482798
3.7286432160804,3.7286432160804,3.7286432160804,0.109900495784462,0.155367596931355,0.200834698078248,84.9765903365626,85.5678391959799,86.1590880553972,0.339300737071415,0.406233575400866,0.473166413730317,836.455546167284,836.64824120603,836.840936244776,0.0279794934688886,0.0506574724987328,0.0733354515285771,49364.0378594617,50674.8042211055,51985.5705827493,-0.00961068736453335,0.0464904218042209,0.102591530972975
3.73869346733668,3.73869346733668,3.73869346733668,0.11061384109479,0.15604031143751,0.201466781780231,85.4706402803798,86.0653266331658,86.6600129859519,0.339733674435391,0.40713117791027,0.474528681385148,840.208451647834,840.402010050251,840.595568452668,0.0280365211226868,0.0506574724987328,0.0732784238747789,49651.0380795749,50969.4251758794,52287.8122721839,-0.00940499170902158,0.0470326065366466,0.103470204782315
3.74874371859296,3.74874371859296,3.74874371859296,0.11132821188459,0.15672230476444,0.20211639764429,85.964690224197,86.5628140703518,87.1609379165065,0.340164135834659,0.408035575498888,0.475907015163116,843.961349214342,844.155778894472,844.350208574603,0.0280919652074123,0.0506574724987328,0.0732229797900534,49938.038299688,51264.0461306533,52590.0539616185,-0.00919947638458291,0.0475779345243678,0.104355345433318
3.75879396984925,3.75879396984925,3.75879396984925,0.112043328430476,0.157413576912144,0.202783825393813,86.4587401680142,87.0603015075377,87.6618628470611,0.34059205223227,0.40894676816672,0.477301484101171,847.714238972721,847.909547738694,848.104856504666,0.0281457158924897,0.0506574724987328,0.073169229104976,50225.0385198012,51558.6670854271,52892.2956510531,-0.0089941943293213,0.0481264057673845,0.10524700586409
3.76884422110553,3.76884422110553,3.76884422110553,0.112758911077589,0.158114127880623,0.203469344683657,86.9527901118314,87.5577889447236,88.1627877776158,0.341017357477972,0.409864755913768,0.478712154349564,851.467121027928,851.663316582915,851.859512137901,0.0281976611239283,0.0506574724987328,0.0731172838735374,50512.0387399143,51853.288040201,53194.5373404877,-0.00878919788336369,0.0486780202656969,0.106145238414757
3.77889447236181,3.77889447236181,3.77889447236181,0.113474680774609,0.158823957669877,0.204173234565144,87.4468400556487,88.0552763819096,88.6637127081704,0.34143998829702,0.41078953874003,0.48013908918304,855.219995483943,855.417085427136,855.614175370329,0.0282476866851882,0.0506574724987328,0.0730672583122775,50799.0389600275,52147.9089949749,53496.7790299223,-0.00858453877580634,0.0492327780193047,0.107050094814416
3.78894472361809,3.78894472361809,3.78894472361809,0.11419035962556,0.159543066279905,0.20489577293425,87.9408899994659,88.5527638190955,89.164637638725,0.341859884274253,0.411721116645507,0.481582349016762,858.972862443748,859.170854271357,859.368846098965,0.0282956762672517,0.0506574724987328,0.073019268730214,51086.0391801406,52442.5299497487,53799.0207193569,-0.00838026811220063,0.0497906790282082,0.107961626168617
3.79899497487437,3.79899497487437,3.79899497487437,0.114905671455971,0.160271453710707,0.205637235965443,88.4349399432831,89.0502512562814,89.6655625692797,0.342276987833608,0.412659489630199,0.483041991426791,862.725722009315,862.924623115578,863.123524221841,0.0283415115483066,0.0506574724987328,0.0729734334491591,51373.0394002538,52737.1509045226,54101.2624087915,-0.00817643636259006,0.0503517232924072,0.108879882947404
3.80904522613065,3.80904522613065,3.80904522613065,0.115620342390693,0.161009119962285,0.206397897533876,88.9289898871004,89.5477386934673,90.1664874998343,0.342691244213295,0.413604657694106,0.484518071174916,866.478574281587,866.678391959799,866.878209638011,0.0283850722834197,0.0506574724987328,0.072929872714046,51660.0396203669,53031.7718592965,54403.504098226,-0.00797309335011006,0.0509159108119017,0.109804914973914
3.81909547738693,3.81909547738693,3.81909547738693,0.116334101440374,0.161756065034636,0.207178028628898,89.4230398309176,90.0452261306533,90.6674124303889,0.34310260143682,0.414556620837227,0.486010640237634,870.231419360466,870.43216080402,870.632902247574,0.0284262364045378,0.0506574724987328,0.0728887085929279,51947.0398404801,53326.3928140704,54705.7457876606,-0.00777028824016023,0.0514832415866918,0.110736771413544
3.82914572864322,3.82914572864322,3.82914572864322,0.1170466810934,0.162512288927762,0.207977896762125,89.9170897747348,90.5427135678392,91.1683373609436,0.343511010280079,0.415515379059563,0.487519747839048,873.984257344801,874.185929648241,874.387601951681,0.0284648801311116,0.0506574724987328,0.0728500648663541,52234.0400605932,53621.0137688442,55007.9874770952,-0.00756806953015789,0.0520537156167775,0.111675500763713
3.8391959798995,3.8391959798995,3.8391959798995,0.117757817909864,0.163277791641663,0.208797765373463,90.411139718552,91.0402010050251,91.6692622914982,0.343916424234749,0.416480932361114,0.489045440487479,877.737088332376,877.939698492462,878.142308652548,0.0285008780915828,0.0506574724987328,0.0728140669058829,52521.0402807064,53915.6347236181,55310.2291665298,-0.0073664850398809,0.0526273329021587,0.112621150844198
3.84924623115578,3.84924623115578,3.84924623115578,0.118467253113951,0.164052573176339,0.209637893238726,90.9051896623693,91.537688442211,92.1701872220528,0.34431879946821,0.41745328074188,0.490587762015549,881.489912419901,881.693467336683,881.897022253466,0.0285341034559153,0.0506574724987328,0.0727808415415504,52808.0405008195,54210.255678392,55612.4708559644,-0.00716558190240563,0.0532040934428355,0.113573768788077
3.85929648241206,3.85929648241206,3.85929648241206,0.119174733180998,0.164836633531789,0.210498533882579,91.3992396061865,92.035175879397,92.6711121526075,0.344718094780216,0.41843242420186,0.492146753623504,885.242729703005,885.447236180904,885.651742658804,0.0285644280792814,0.0506574724987328,0.0727505169181843,53095.0407209327,54504.8766331658,55914.712545399,-0.00696540655564593,0.0537839972388078,0.114533401033262
3.86934673366834,3.86934673366834,3.86934673366834,0.11988001041535,0.165629972708013,0.211379935000676,91.8932895500037,92.5326633165829,93.1720370831621,0.345114271556567,0.419418362741055,0.493722453925543,888.995540276226,889.201005025126,889.406469774025,0.0285917226569383,0.0506574724987328,0.0727232223405274,53382.0409410458,54799.4975879397,56216.9542348336,-0.00676600473449677,0.0543670442900757,0.115500093314648
3.87939698492462,3.87939698492462,3.87939698492462,0.120582843515111,0.166432590705012,0.212282337894913,92.3873394938209,93.0301507537688,93.6729620137168,0.345507293720015,0.420411096359465,0.495314898998915,892.748344233009,892.954773869347,893.161203505684,0.0286158568902448,0.0506574724987328,0.0726990881072209,53669.041161159,55094.1185427136,56519.1959242682,-0.00656742146358572,0.0549532345966392,0.116473890656864
3.8894472361809,3.8894472361809,3.8894472361809,0.121282998119856,0.167244487522786,0.213205976925715,92.8813894376381,93.5276381909548,94.1738869442714,0.345897127678639,0.421410625057089,0.49692412243554,896.501141665699,896.708542713568,896.915943761437,0.0286366996636759,0.0506574724987328,0.0726782453337898,53956.0413812721,55388.7394974874,56821.4376137028,-0.00636970105063392,0.0555425681584982,0.11745483736763
3.89949748743719,3.89949748743719,3.89949748743719,0.121980247337418,0.168065663161334,0.21415107898525,93.3754393814554,94.0251256281407,94.674811874826,0.346283742271926,0.422416948833929,0.498550155395932,900.253932665536,900.462311557789,900.670690450042,0.0286541192325953,0.0506574724987328,0.0726608257648704,54243.0416013853,55683.3604522613,57123.6793031373,-0.00617288708042707,0.0561350449756527,0.118442977031733
3.90954773869347,3.90954773869347,3.90954773869347,0.122674372245956,0.168896117620657,0.215117862995357,93.8694893252726,94.5226130653266,95.1757368053807,0.346667108714797,0.423430067689983,0.500193026665169,904.006717322656,904.21608040201,904.425443481364,0.028667983421439,0.0506574724987328,0.0726469615760267,54530.0418214984,55977.9814070352,57425.9209925719,-0.00597702240939599,0.0567306650481029,0.119438352505602
3.91959798994975,3.91959798994975,3.91959798994975,0.123365162367666,0.169735850900754,0.216106539433842,94.3635392690898,95.0201005025126,95.6766617359353,0.34704720053981,0.424449981625252,0.501852762710693,907.759495726086,907.969849246231,908.180202766376,0.0286781598318539,0.0506574724987328,0.0726367851656118,54817.0420416116,56272.602361809,57728.1626820065,-0.00578214916080503,0.0573294283758485,0.120441005912502
3.92964824120603,3.92964824120603,3.92964824120603,0.124052416110673,0.170584863001626,0.217117309892578,94.857589212907,95.5175879396985,96.1775866664899,0.347423993537755,0.425476690639735,0.503529387741716,911.512267963746,911.723618090452,911.934968217158,0.0286845160602204,0.0506574724987328,0.0726304289372453,55104.0422617247,56567.2233165829,58030.4043714411,-0.00558830872054547,0.0579313349588898,0.121450978638325
3.93969849246231,3.93969849246231,3.93969849246231,0.124735941175929,0.171443153923272,0.218150366670614,95.3516391567243,96.0150753768844,96.6785115970446,0.347797465696879,0.426510194733434,0.505222923769988,915.265034122446,915.477386934673,915.689739746901,0.0286869199238708,0.0506574724987328,0.0726280250735949,55391.0424818379,56861.8442713568,58332.6460608757,-0.00539554173353025,0.0585363847972266,0.122468311327983
3.94974874371859,3.94974874371859,3.94974874371859,0.125415554926191,0.172310723665693,0.219205892405194,95.8456891005415,96.5125628140703,97.1794365275992,0.348167597140953,0.427550493906347,0.506933390671741,919.01779428789,919.231155778895,919.444517269899,0.0286852396951963,0.0506574724987328,0.0726297053022694,55678.042701951,57156.4652261307,58634.8877503103,-0.00520388810068484,0.0591445778908589,0.123493043882403
3.95979899497487,3.95979899497487,3.95979899497487,0.126091084714534,0.173187572228888,0.220284059743243,96.3397390443587,97.0100502512563,97.6803614581538,0.348534370066375,0.428597588158475,0.508660806250574,922.770548544676,922.984924623116,923.199300701555,0.0286793443427177,0.0506574724987328,0.072635600654748,55965.0429220642,57451.0861809045,58937.1294397449,-0.00501338697652878,0.0597559142397868,0.124525215456102
3.96984924623116,3.96984924623116,3.96984924623116,0.126762368170202,0.174073699612858,0.221385031055515,96.8337889881759,97.5075376884422,98.1812863887085,0.348897768678537,0.429651477489817,0.510405186301097,926.5232969763,926.738693467337,926.954089958374,0.0286691037780796,0.0506574724987328,0.0726458412193861,56252.0431421773,57745.7071356784,59239.3711291795,-0.00482407676734046,0.0603703938440103,0.125564864455361
3.97989949748744,3.97989949748744,3.97989949748744,0.127429253440027,0.174969105817603,0.222508958195179,97.3278389319932,98.0050251256281,98.6822113192631,0.349257779127627,0.430712161900375,0.512166544673123,930.276039665155,930.492462311558,930.70888495796,0.028654389107814,0.0506574724987328,0.0726605558896517,56539.0433622905,58040.3280904523,59541.6128186141,-0.00463599512989789,0.0609880167035293,0.126612028536956
3.98994974874372,3.98994974874372,3.98994974874372,0.128091599384049,0.175873790843122,0.223655982302195,97.8218888758104,98.5025125628141,99.1831362498177,0.349614389444061,0.431779641390147,0.513944893336233,934.028776692543,934.246231155779,934.463685619015,0.0286350728886173,0.0506574724987328,0.0726798721088484,56826.0435824036,58334.9490452261,59843.8545080486,-0.00444917897078627,0.0616087828183439,0.127666744607474
4,4,4,0.128749275724462,0.176787754689416,0.22482623365437,98.3159388196276,99,99.6840611803724,0.349967589473729,0.432853915959134,0.515740242444539,937.78150813867,938,938.21849186133,0.0286110293847862,0.0506574724987328,0.0727039156126795,57113.0438025168,58629.57,60146.0961974832,-0.00426366444626314,0.062232692188454,0.128729048823171
