site,year,month,day,location,depth,temp,salinity,ph,secchi
ssp,2015,5,2,a0,0,9.7,27.6,8,11
ssp,2015,5,2,b0,0,9.7,28.1,8,11
ssp,2015,5,2,b1,1,9.7,28.1,8,11
ssp,2015,5,2,c0,0,9.8,28.1,8.1,11
ssp,2015,5,2,c1,1,9.7,28.2,8.1,11
ssp,2015,5,2,c3,3,9.7,28.6,8.1,11
ssp,2015,5,2,d0,0,9.8,28.1,8.1,11
ssp,2015,5,2,d1,1,9.9,28.1,8.1,11
ssp,2015,5,2,d5,5,9.8,28.3,8.1,11
ssp,2015,5,2,d10,10,9.8,28.3,8.1,11
wfb,2015,5,2,a0,0,10,27.6,8,10
wfb,2015,5,2,b0,0,9.9,27.5,8,10
wfb,2015,5,2,b1,1,9.9,27.9,8,10
wfb,2015,5,2,c0,0,9.9,28,8,10
wfb,2015,5,2,c1,1,9.9,28.1,8,10
wfb,2015,5,2,c3,3,9.8,28.2,8,10
wfb,2015,5,2,d0,0,9.8,28.3,8,10
wfb,2015,5,2,d1,1,9.8,28.3,8,10
wfb,2015,5,2,d5,5,9.8,28.3,8,10
wfb,2015,5,2,d10,10,9.8,28.3,8,10
hdo,2015,5,3,a0,0,9,12.8,8.1,4.5
hdo,2015,5,3,b0,0,8.9,14.5,8.1,4.5
hdo,2015,5,3,b1,1,9.1,18,8.1,4.5
hdo,2015,5,3,c0,0,9.8,21.5,8.1,4.5
hdo,2015,5,3,c1,1,10,22.4,8.1,4.5
hdo,2015,5,3,c3,3,9.9,22.4,8.1,4.5
hdo,2015,5,3,d0,0,9.9,21.6,8.1,4.5
hdo,2015,5,3,d1,1,10,22.4,8.1,4.5
hdo,2015,5,3,d5,5,9.9,22.4,8.1,4.5
hdo,2015,5,3,d10,10,9.9,22.4,8.1,4.5
pba,2015,5,3,a0,0,10.1,21.8,7.9,0
pba,2015,5,3,b0,0,10.1,22.8,8,0
pba,2015,5,3,b1,1,10.2,22.6,9.9,0
pba,2015,5,3,c0,0,10.1,22.8,8,0
pba,2015,5,3,c1,1,10.2,22.6,9.9,0
pba,2015,5,3,c3,1,10.2,22.6,9.9,0
pba,2015,5,3,d0,0,9.9,22.3,8.1,0
pba,2015,5,3,d1,1,10.1,22.5,8.1,0
pba,2015,5,3,d5,5,10.3,22.8,8,0
pba,2015,5,3,d10,10,10.3,22.8,8.1,0
chp,2015,5,4,a0,0,10,26.9,7.7,0
chp,2015,5,4,b0,0,9.9,27.1,7.9,0
chp,2015,5,4,b1,1,9.8,27.1,9.9,0
chp,2015,5,4,c0,0,9.8,27.2,8,0
chp,2015,5,4,c1,1,9.8,27.2,8,0
chp,2015,5,4,c3,1.5,9.8,27.2,8,0
chp,2015,5,4,d0,0,9.8,26.8,8,0
chp,2015,5,4,d1,1,9.8,26.9,8,0
chp,2015,5,4,d5,5,9.8,27.1,8,0
chp,2015,5,4,d10,10,9.8,27.1,8,0
ppo,2015,5,20,a0,0,10.9,22.7,8.1,3.5
ppo,2015,5,20,b0,0,10.8,24,8.2,3.5
ppo,2015,5,20,b1,1,10.9,24.1,8.2,3.5
ppo,2015,5,20,c0,0,10.9,24,8.2,3.5
ppo,2015,5,20,c1,1,10.9,24.1,8.2,3.5
ppo,2015,5,20,c3,3,10.8,24.4,8.1,3.5
ppo,2015,5,20,d0,0,10.9,24,8.2,3.5
ppo,2015,5,20,d1,1,10.9,24.1,8.2,3.5
ppo,2015,5,20,d5,5,10,24.6,8,3.5
ppo,2015,5,20,d10,10,9.4,24.8,7.9,3.5
pba,2015,5,20,a0,0,11.4,24.2,8.2,3.5
pba,2015,5,20,b0,0,11.4,24.2,8.2,3.5
pba,2015,5,20,b1,1,11.4,24.2,8.2,3.5
pba,2015,5,20,c0,0,11.3,24.1,8.1,3.5
pba,2015,5,20,c1,1,11.3,24.2,8.2,3.5
pba,2015,5,20,c3,1.8,11.3,24.2,8.2,3.5
pba,2015,5,20,d0,0,10.9,24.1,8.2,3.5
pba,2015,5,20,d1,1,10.8,24.2,8.2,3.5
pba,2015,5,20,d5,5,10.9,24.3,8.2,3.5
pba,2015,5,20,d10,10,9.8,24.6,8,3.5
fei8,2015,5,21,a0,0,15.8,10.9,8.1,10
fei8,2015,5,21,b0,0,15.9,15.3,8.1,10
fei8,2015,5,21,b1,1,14,21.7,8.1,10
fei8,2015,5,21,c0,0,15.9,3.4,8.2,10
fei8,2015,5,21,c1,0,14.3,21.5,8.2,10
fei8,2015,5,21,c3,2,12.4,22.3,8.2,10
fei8,2015,5,21,d0,0,15.7,9.9,8.2,10
fei8,2015,5,21,d1,1,13.8,21.5,8.2,10
fei8,2015,5,21,d5,5,10.5,23.3,8.1,10
fei8,2015,5,21,d10,10,9.6,23.8,7.7,10
fei9,2015,5,21,a0,0,14.7,4.5,8.2,5
fei9,2015,5,21,b0,0,14.6,8.7,8.1,5
fei9,2015,5,21,b1,1,13.8,21.1,8.2,5
fei9,2015,5,21,c0,0,14.6,9,8.2,5
fei9,2015,5,21,c1,0,13.7,21.8,8.2,5
fei9,2015,5,21,c3,2,12.8,22.5,8.2,5
fei9,2015,5,21,d0,0,14.8,12,8.2,5
fei9,2015,5,21,d1,1,14.4,20.6,8.3,5
fei9,2015,5,21,d5,5,10.4,23.7,8,5
fei9,2015,5,21,d10,10,9.6,24.1,7.8,5
kis7,2015,5,23,a0,0,11.6,26.7,8,6.5
kis7,2015,5,23,b0,0,11.2,26.7,7.9,6.5
kis7,2015,5,23,b1,1,11.1,26.7,7.9,6.5
kis7,2015,5,23,c0,0,11.3,26.9,7.9,6.5
kis7,2015,5,23,c1,1,11.1,26.7,7.9,6.5
kis7,2015,5,23,c3,2,11,26.7,7.9,6.5
kis7,2015,5,23,d0,0,11.7,26.7,8,6.5
kis7,2015,5,23,d1,1,11.5,26.7,8,6.5
kis7,2015,5,23,d5,5,11.1,26.7,8,6.5
kis7,2015,5,23,d10,10,11,26.7,8,6.5
ssp,2015,5,31,a0,0,10.1,27.1,7.9,>10
ssp,2015,5,31,b0,0,10.1,27,7.9,>10
ssp,2015,5,31,b1,1,10.1,27,7.9,>10
ssp,2015,5,31,c0,0,10.1,27.1,7.9,>10
ssp,2015,5,31,c1,1,10.1,27.1,7.9,>10
ssp,2015,5,31,c3,1.3,10.1,27.1,7.9,>10
ssp,2015,5,31,d0,0,10.1,27.3,7.9,>10
ssp,2015,5,31,d1,1,10,27.3,7.9,>10
ssp,2015,5,31,d5,5,9.9,27.3,7.9,>10
ssp,2015,5,31,d10,10,9.8,27.3,7.9,>10
wfb,2015,5,31,a0,0,10.4,26.7,7.8,>10
wfb,2015,5,31,b0,0,10.4,26.9,7.9,>10
wfb,2015,5,31,b1,1,10.4,26.9,7.9,>10
wfb,2015,5,31,c0,0,10.2,27,7.9,>10
wfb,2015,5,31,c1,1,10.2,27,7.9,>10
wfb,2015,5,31,c3,3,10.2,27,7.9,>10
wfb,2015,5,31,d0,0,9.9,27.2,7.9,>10
wfb,2015,5,31,d1,1,9.9,27.2,7.9,>10
wfb,2015,5,31,d5,5,9.6,27.4,7.8,>10
wfb,2015,5,31,d10,10,9.4,27.5,7.8,>10
koe1,2015,6,1,a0,0,15,17.1,8,5
koe1,2015,6,1,b0,0,14.9,17.1,8.1,5
koe1,2015,6,1,b1,1,15,17.2,8.1,5
koe1,2015,6,1,c0,0,14.9,16.9,8,5
koe1,2015,6,1,c1,1,15,17,8.1,5
koe1,2015,6,1,c3,1.5,14.7,17.9,8.1,5
koe1,2015,6,1,d0,0,15.1,16.7,8,5
koe1,2015,6,1,d1,1,15,17.4,8.1,5
koe1,2015,6,1,d5,5,9.9,26.1,8,5
koe1,2015,6,1,d10,10,9.5,26.4,7.9,5
koe3,2015,6,1,a0,0,14.9,17.3,7.2,5
koe3,2015,6,1,b0,0,14.9,17.3,8,5
koe3,2015,6,1,b1,1,14.8,17.7,8,5
koe3,2015,6,1,c0,0,15.1,16.8,8,5
koe3,2015,6,1,c1,1,14.7,17.8,8,5
koe3,2015,6,1,c3,3,14.7,17.8,8,5
koe3,2015,6,1,d0,0,15.1,16.7,8,5
koe3,2015,6,1,d1,1,15,17.4,8.1,5
koe3,2015,6,1,d5,5,9.9,26.1,8,5
koe3,2015,6,1,d10,10,9.5,26.4,7.9,5
chp,2015,6,2,a0,0,10.3,26.2,7.7,4.5
chp,2015,6,2,b0,0,10.2,26.5,7.8,4.5
chp,2015,6,2,b1,1,10.2,26.5,7.8,4.5
chp,2015,6,2,c0,0,10.2,26.5,7.9,4.5
chp,2015,6,2,c1,1,10.2,26.4,7.9,4.5
chp,2015,6,2,c3,1.5,10.2,26.5,7.9,4.5
chp,2015,6,2,d0,0,10.3,26.3,7.9,4.5
chp,2015,6,2,d1,1,10.3,26.3,7.9,4.5
chp,2015,6,2,d5,5,10.1,26.6,7.9,4.5
chp,2015,6,2,d10,6,10,26.6,7.9,4.5
hdo,2015,6,2,a0,0,13.1,23.5,8,
hdo,2015,6,2,b0,0,13.1,24,8.1,
hdo,2015,6,2,b1,1,12.7,25,8.2,
hdo,2015,6,2,c0,0,13.1,24.1,8.1,
hdo,2015,6,2,c1,1,13.1,24.4,8.1,
hdo,2015,6,2,c3,3,12,25.4,8.2,
hdo,2015,6,2,d0,0,13.7,20.8,8.3,
hdo,2015,6,2,d1,1,13.2,23.5,8.3,
hdo,2015,6,2,d5,5,10.1,26.6,7.9,
hdo,2015,6,2,d10,10,10.2,26.5,7.9,
sni7,2015,6,10,a0,0,15.3,22.9,8.2,5
sni7,2015,6,10,b0,0,15,22.9,8.3,5
sni7,2015,6,10,b1,1,14.8,22.9,8.3,5
sni7,2015,6,10,c0,0,14.7,22.9,8.3,5
sni7,2015,6,10,c1,1,14.3,22.9,8.3,5
sni7,2015,6,10,c3,3,13.4,23.5,8.3,5
sni7,2015,6,10,d0,0,14.3,23,8.3,5
sni7,2015,6,10,d1,1,14.2,23,8.3,5
sni7,2015,6,10,d5,5,10.4,27.1,7.9,5
sni7,2015,6,10,d10,10,10,27.4,7.8,5
sni8,2015,6,10,a0,0,15.5,20.5,8.3,4.5
sni8,2015,6,10,b0,0,15.1,21.2,8.3,4.5
sni8,2015,6,10,b1,1,,,,4.5
sni8,2015,6,10,c0,0,14.7,21,8.3,4.5
sni8,2015,6,10,c1,1,13,22.3,8.3,4.5
sni8,2015,6,10,c3,1.8,12.1,24.9,8.2,4.5
sni8,2015,6,10,d0,0,14.9,20.4,8.3,4.5
sni8,2015,6,10,d1,1,12.9,23.5,8.3,4.5
sni8,2015,6,10,d5,5,10.2,26.7,7.9,4.5
sni8,2015,6,10,d10,10,9.6,27.3,7.7,4.5
hab4,2015,6,13,a0,0,12.2,24.1,8.1,
hab4,2015,6,13,b0,0,12.1,24.1,8.2,
hab4,2015,6,13,b1,1,12.1,24.1,8.2,
hab4,2015,6,13,c0,0,12.1,24.2,8.2,
hab4,2015,6,13,c1,1,11.6,24.5,8.1,
hab4,2015,6,13,c3,3,10.4,25,8,
hab4,2015,6,13,d0,0,11.9,24.5,8.1,
hab4,2015,6,13,d1,1,11.4,24.6,8.1,
hab4,2015,6,13,d5,5,10,25.2,8,
hab4,2015,6,13,d10,10,9.7,25.4,7.9,
hab5,2015,6,14,a0,0,13.4,18.7,8.2,
hab5,2015,6,14,b0,0,13.4,18.9,8.3,
hab5,2015,6,14,b1,1,13.2,19.1,8.2,
hab5,2015,6,14,c0,0,13.4,18.6,8.3,
hab5,2015,6,14,c1,1,13.4,19.1,8.3,
hab5,2015,6,14,c3,3,11.8,24.7,8.1,
hab5,2015,6,14,d0,0,13.4,18,8.3,
hab5,2015,6,14,d1,1,13.4,18.9,8.3,
hab5,2015,6,14,d5,5,11.3,25.5,8.1,
hab5,2015,6,14,d10,10,9.5,27,7.7,
hab7,2015,6,14,a0,0,14.1,14.5,8.2,
hab7,2015,6,14,b0,0,14.1,14.7,8.2,
hab7,2015,6,14,b1,1,13.7,16.4,8.2,
hab7,2015,6,14,c0,0,14.1,15,8.2,
hab7,2015,6,14,c1,1,13.8,16.1,8.2,
hab7,2015,6,14,c3,3,12.5,21,8.1,
hab7,2015,6,14,d0,0,14.1,15,8.2,
hab7,2015,6,14,d1,1,13.9,15.6,8.2,
hab7,2015,6,14,d5,5,10.3,26.2,8,
hab7,2015,6,14,d10,10,9.3,27.3,7.7,
cas1,2015,6,15,a0,0,11.9,24.5,7.9,
cas1,2015,6,15,b0,0,12.1,24.5,8,
cas1,2015,6,15,b1,1,11.6,25,8,
cas1,2015,6,15,c0,0,12,24.8,8,
cas1,2015,6,15,c1,1,11.6,25.2,8,
cas1,2015,6,15,c3,2.1,9.8,27.5,7.7,
cas1,2015,6,15,d0,0,11.9,25.1,8,
cas1,2015,6,15,d1,1,11.4,25.7,7.9,
cas1,2015,6,15,d5,5,9.1,28.1,7.6,
cas1,2015,6,15,d10,5.5,9,28.2,7.6,
cas2,2015,6,15,a0,0,15.1,20.5,8.3,
cas2,2015,6,15,b0,0,15.2,20.5,8.3,
cas2,2015,6,15,b1,1,15.1,20.6,8.2,
cas2,2015,6,15,c0,0,15.2,20.5,8.3,
cas2,2015,6,15,c1,1,15.2,20.7,8.2,
cas2,2015,6,15,c3,1,15.2,20.7,8.2,
cas2,2015,6,15,d0,0,15.4,20.6,8.3,
cas2,2015,6,15,d1,1,15.3,20.8,8.2,
cas2,2015,6,15,d5,5,10.5,26.9,7.9,
cas2,2015,6,15,d10,10,9.6,27.7,7.7,
nam1,2015,6,16,a0,0,15.3,17.2,7.9,
nam1,2015,6,16,b0,0,15.6,17.9,8.1,
nam1,2015,6,16,b1,1,15.4,18.4,8,
nam1,2015,6,16,c0,0,15.6,17.9,8.1,
nam1,2015,6,16,c1,1,15.4,18.4,8,
nam1,2015,6,16,c3,1,15.4,18.4,8,
nam1,2015,6,16,d0,0,15.7,17.7,8.2,
nam1,2015,6,16,d1,1,15.7,17.8,8.2,
nam1,2015,6,16,d5,5,10.5,27,7.8,
nam1,2015,6,16,d10,10,9.6,27.5,7.8,
nam2,2015,6,16,a0,0,15.8,17.4,8.2,
nam2,2015,6,16,b0,0,15.9,17.3,8.2,
nam2,2015,6,16,b1,1,15.8,17.4,8.2,
nam2,2015,6,16,c0,0,15.8,17.3,8.2,
nam2,2015,6,16,c1,1,15.9,17.5,8.2,
nam2,2015,6,16,c3,3,10.9,23.9,8,
nam2,2015,6,16,d0,0,15.9,17.4,8.2,
nam2,2015,6,16,d1,1,15.9,17.5,8.2,
nam2,2015,6,16,d5,5,9.4,27.6,7.8,
nam2,2015,6,16,d10,10,9.1,27.9,7.6,
ris2,2015,8,16,a0,0,16,16.7,8.4,4.6
ris2,2015,8,16,b0,0,16.1,17.1,8.4,4.6
ris2,2015,8,16,b1,1,14.3,23.4,8.2,4.6
ris2,2015,8,16,c0,0,15,20.1,8.3,4.6
ris2,2015,8,16,c1,1,14.5,22.5,8.2,4.6
ris2,2015,8,16,c3,3,13.4,25.2,8.1,4.6
ris2,2015,8,16,d0,0,15.4,20.6,8.2,4.6
ris2,2015,8,16,d1,1,14.2,23.6,8.1,4.6
ris2,2015,8,16,d5,5,11.3,29.5,7.9,4.6
ris2,2015,8,16,d10,10,10.4,30.7,7.9,4.6
kis1,2015,6,17,a0,0,11.9,31.1,8,3
kis1,2015,6,17,b0,0,11.8,31.1,8,3
kis1,2015,6,17,b1,1,11.9,31.1,8,3
kis1,2015,6,17,c0,0,11.9,31,8.1,3
kis1,2015,6,17,c1,1,11.9,31,8.1,3
kis1,2015,6,17,c3,3,11.9,31.1,8.1,3
kis1,2015,6,17,d0,0,12,31,8.2,3
kis1,2015,6,17,d1,1,11.9,31,8.2,3
kis1,2015,6,17,d5,5,11.7,31.1,8.1,3
kis1,2015,6,17,d10,10,11.6,31.2,8.1,3
kis10,2015,6,17,a0,0,11.9,31.2,8.1,3
kis10,2015,6,17,b0,0,11.9,31.2,8.1,3
kis10,2015,6,17,b1,1,11.9,31.2,8.1,3
kis10,2015,6,17,c0,0,11.8,31.2,8.2,3
kis10,2015,6,17,c1,1,11.8,31.2,8.2,3
kis10,2015,6,17,c3,3,11.4,31.2,8.1,3
kis10,2015,6,17,d0,0,11.8,31.1,8.2,3
kis10,2015,6,17,d1,1,11.8,31.1,8.2,3
kis10,2015,6,17,d5,5,11.7,31.2,8.1,3
kis10,2015,6,17,d10,10,11.4,31.3,8.1,3
fei10,2015,6,18,a0,0,14.5,25.8,8,
fei10,2015,6,18,b0,0,14.5,25.7,8,
fei10,2015,6,18,b1,1,14,26.2,7.9,
fei10,2015,6,18,c0,0,14.6,25.6,8.3,
fei10,2015,6,18,c1,1,14.7,25.7,8.3,
fei10,2015,6,18,c3,2.5,12.4,29.1,8,
fei10,2015,6,18,d0,0,14.3,26,8.3,
fei10,2015,6,18,d1,1,13.9,27.2,8.3,
fei10,2015,6,18,d5,5,10.7,30.3,8.1,
fei10,2015,6,18,d10,10,10.2,30.6,8,
fei11,2015,6,18,a0,0,14.5,25.4,8.3,
fei11,2015,6,18,b0,0,14.5,25.4,8.3,
fei11,2015,6,18,b1,1,14.5,25.5,8.3,
fei11,2015,6,18,c0,0,14.4,25.5,8.3,
fei11,2015,6,18,c1,1,14.5,25.6,8.3,
fei11,2015,6,18,c3,2,14.4,25.9,8.3,
fei11,2015,6,18,d0,0,14.4,24.3,8.3,
fei11,2015,6,18,d1,1,14.8,25.4,8.4,
fei11,2015,6,18,d5,5,10.6,30.1,8.1,
fei11,2015,6,18,d10,10,9.4,31,7.7,
hab6,2015,6,19,a0,0,12.3,29.4,7.8,4
hab6,2015,6,19,b0,0,12.3,29.4,8.1,4
hab6,2015,6,19,b1,1,11.3,30.4,8,4
hab6,2015,6,19,c0,0,12.1,29.6,8.1,4
hab6,2015,6,19,c1,1,10.8,30.6,8.1,4
hab6,2015,6,19,c3,3,10.4,30.6,8,4
hab6,2015,6,19,d0,0,12.4,29.1,8.2,4
hab6,2015,6,19,d1,1,12.2,29.7,8.2,4
hab6,2015,6,19,d5,5,10.2,30.6,8,4
hab6,2015,6,19,d10,10,9.6,31.1,7.9,4
ssp,2015,7,1,a0,0,11.3,30.5,7.9,10
ssp,2015,7,1,b0,0,11.2,30.5,7.9,10
ssp,2015,7,1,b1,1,11.3,30.6,8,10
ssp,2015,7,1,c0,0,11.2,30.7,7.9,10
ssp,2015,7,1,c1,1,11,30.8,7.9,10
ssp,2015,7,1,c3,3,10.6,31.2,7.9,10
ssp,2015,7,1,d0,0,11,30.6,8,10
ssp,2015,7,1,d1,1,11.5,30.6,8,10
ssp,2015,7,1,d5,5,10.8,31.1,7.9,10
ssp,2015,7,1,d10,10,10.2,31.4,7.9,10
wfb,2015,7,1,a0,0,11.9,30,7.9,10
wfb,2015,7,1,b0,0,11.7,30.6,7.9,10
wfb,2015,7,1,b1,1,11.2,31,7.8,10
wfb,2015,7,1,c0,0,11.5,30.6,7.4,10
wfb,2015,7,1,c1,1,11.9,30.3,8,10
wfb,2015,7,1,c3,2.5,10.7,31.2,7.9,10
wfb,2015,7,1,d0,0,11.7,30.3,8,10
wfb,2015,7,1,d1,1,11.9,30.6,8,10
wfb,2015,7,1,d5,4.5,10.4,31.3,7.8,10
wfb,2015,7,1,d10,4.5,10.4,31.3,7.8,10
hdo,2015,7,2,a0,0,13.7,29.9,8.2,0
hdo,2015,7,2,b0,0,13.4,30,8.2,0
hdo,2015,7,2,b1,1,12,31,8.1,0
hdo,2015,7,2,c0,0,15.2,28.4,8.1,0
hdo,2015,7,2,c1,1,12.1,30.9,8.1,0
hdo,2015,7,2,c3,3,11.6,30.9,8.1,0
hdo,2015,7,2,d0,0,15.1,28.4,8.2,0
hdo,2015,7,2,d1,1,13.9,29.3,8.2,0
hdo,2015,7,2,d5,5,11.6,30.9,8.1,0
hdo,2015,7,2,d10,10,11.6,30.9,8.1,0
pba,2015,7,2,a0,0,15.2,27.9,7.7,0
pba,2015,7,2,b0,0,15.3,28.2,8,0
pba,2015,7,2,b1,1,14.4,29.4,7.9,0
pba,2015,7,2,c0,0,15.6,28.1,8.1,0
pba,2015,7,2,c1,1,15.1,28.4,8.1,0
pba,2015,7,2,c3,1.8,14.4,29.6,8,0
pba,2015,7,2,d0,0,15.4,27.8,8.2,0
pba,2015,7,2,d1,1,15.5,28.8,8.2,0
pba,2015,7,2,d5,5,11.2,30.9,8,0
pba,2015,7,2,d10,10,10,31.3,7.7,0
chp,2015,7,3,a0,0,10.6,31.5,7.7,0
chp,2015,7,3,b0,0,10.2,31.6,7.8,0
chp,2015,7,3,b1,1,10.1,31.6,7.9,0
chp,2015,7,3,c0,0,10.1,31.7,7.8,0
chp,2015,7,3,c1,1,9.9,31.6,7.8,0
chp,2015,7,3,c3,1,9.9,31.6,7.8,0
chp,2015,7,3,d0,0,10.4,31.3,7.9,0
chp,2015,7,3,d1,1,10.2,31.4,7.9,0
chp,2015,7,3,d5,2.8,10.1,31.5,7.9,0
chp,2015,7,3,d10,2.8,10.1,31.5,7.9,0
ppo,2015,7,3,a0,0,15.1,28.8,8.2,0
ppo,2015,7,3,b0,0,14.8,29,8.2,0
ppo,2015,7,3,b1,1,14.6,29.1,8.2,0
ppo,2015,7,3,c0,0,14.7,29.1,8.2,0
ppo,2015,7,3,c1,1,14.1,29.7,8.2,0
ppo,2015,7,3,c3,3,13.4,30.1,8.2,0
ppo,2015,7,3,d0,0,14.8,29.1,8.2,0
ppo,2015,7,3,d1,1,14.5,29.3,8.2,0
ppo,2015,7,3,d5,5,11.8,30.8,8.1,0
ppo,2015,7,3,d10,10,10.3,31.3,7.9,0
sni1,2015,7,4,a0,0,13.3,27.4,8,6.5
sni1,2015,7,4,b0,0,13.9,27,8,6.5
sni1,2015,7,4,b1,1,12.7,28.2,7.9,6.5
sni1,2015,7,4,c0,0,13.7,27.4,8,6.5
sni1,2015,7,4,c1,1,12.9,28.1,8,6.5
sni1,2015,7,4,c3,3,11.6,29.4,7.9,6.5
sni1,2015,7,4,d0,0,13.6,26.7,8,6.5
sni1,2015,7,4,d1,1,13,27.8,8,6.5
sni1,2015,7,4,d5,5,11.7,29.4,8,6.5
sni1,2015,7,4,d10,10,10.5,30.1,7.9,6.5
sni2,2015,7,4,a0,0,15.4,26.2,8.1,6.1
sni2,2015,7,4,b0,0,15.1,26.2,8.2,6.1
sni2,2015,7,4,b1,1,14.7,26.4,8.1,6.1
sni2,2015,7,4,c0,0,15,26.6,8.2,6.1
sni2,2015,7,4,c1,1,13.9,27.3,8.2,6.1
sni2,2015,7,4,c3,2,13.7,27.4,8.2,6.1
sni2,2015,7,4,d0,0,15.1,26.5,8.2,6.1
sni2,2015,7,4,d1,1,14.2,27,8.2,6.1
sni2,2015,7,4,d5,5,12.7,29.1,8.2,6.1
sni2,2015,7,4,d10,10,10.3,31.3,7.8,6.1
fan1,2015,7,5,a0,0,11.9,31.8,7.8,0
fan1,2015,7,5,b0,0,11.8,31.9,7.9,0
fan1,2015,7,5,b1,1,11.3,31.9,7.9,0
fan1,2015,7,5,c0,0,11.6,32,7.9,0
fan1,2015,7,5,c1,1,11.4,31.9,7.9,0
fan1,2015,7,5,c3,3,10.9,31.9,7.9,0
fan1,2015,7,5,d0,0,11.9,31.7,8,0
fan1,2015,7,5,d1,1,11.6,31.7,8,0
fan1,2015,7,5,d5,5,11.4,31.8,7.9,0
fan1,2015,7,5,d10,5.1,11,31.9,7.9,0
fan3,2015,7,5,a0,0,13.2,31.7,8.1,0
fan3,2015,7,5,b0,0,13.2,31.8,8,0
fan3,2015,7,5,b1,1,11.7,31.8,8,0
fan3,2015,7,5,c0,0,12.3,31.9,8,0
fan3,2015,7,5,c1,1,11.6,31.9,7.9,0
fan3,2015,7,5,c3,3,11.2,31.5,7.9,0
fan3,2015,7,5,d0,0,12.3,31.9,8,0
fan3,2015,7,5,d1,1,11.6,31.9,7.9,0
fan3,2015,7,5,d5,3,11.2,31.5,7.9,0
fan3,2015,7,5,d10,3,11.2,31.5,7.9,0
gog2,2015,7,6,a0,0,15.1,31.7,7.9,0
gog2,2015,7,6,b0,0,14.5,31.6,8,0
gog2,2015,7,6,b1,1,14.2,31.6,8,0
gog2,2015,7,6,c0,0,14.1,30.4,8.2,0
gog2,2015,7,6,c1,1,13.8,31.5,8.2,0
gog2,2015,7,6,c3,1.5,13.4,31.2,8.2,0
gog2,2015,7,6,d0,0,14.1,31.3,8.1,0
gog2,2015,7,6,d1,1,13.9,31.8,8.1,0
gog2,2015,7,6,d5,5,12.5,31.7,8,0
gog2,2015,7,6,d10,6.1,12.3,31.7,8,0
gog3,2015,7,6,a0,0,11.8,32,7.9,2.5
gog3,2015,7,6,b0,0,11.9,31.9,8,2.5
gog3,2015,7,6,b1,1,11.2,31.4,8,2.5
gog3,2015,7,6,c0,0,11.3,31.8,8,2.5
gog3,2015,7,6,c1,1,11,31.9,7.9,2.5
gog3,2015,7,6,c3,3,10.8,31.9,8,2.5
gog3,2015,7,6,d0,0,12.2,32,8.2,2.5
gog3,2015,7,6,d1,1,11.9,31.8,8.1,2.5
gog3,2015,7,6,d5,5,10.8,31.9,8,2.5
gog3,2015,7,6,d10,10,9.9,32,7.9,2.5
kis2,2015,7,7,a0,0,13.6,29.9,7.9,0
kis2,2015,7,7,b0,0,13.7,29.9,8,0
kis2,2015,7,7,b1,1,13.5,30.1,8,0
kis2,2015,7,7,c0,0,13.6,30.2,8.1,0
kis2,2015,7,7,c1,1,13.2,30.6,8.1,0
kis2,2015,7,7,c3,1.2,13.2,30.6,8.1,0
kis2,2015,7,7,d0,0,13.2,30.6,8.2,0
kis2,2015,7,7,d1,1,13.2,30.6,8.2,0
kis2,2015,7,7,d5,5,13.1,30.7,8.2,0
kis2,2015,7,7,d10,10,11.4,31.4,8,0
kis6,2015,7,7,a0,0,14.7,30.5,8.3,0
kis6,2015,7,7,b0,0,14.6,29.5,8.2,0
kis6,2015,7,7,b1,1,14.2,30.4,8.3,0
kis6,2015,7,7,c0,0,13.9,30.5,8.3,0
kis6,2015,7,7,c1,1,13.9,30.8,8.3,0
kis6,2015,7,7,c3,1.5,13.9,30.8,8.3,0
kis6,2015,7,7,d0,0,14.1,30.8,8.3,0
kis6,2015,7,7,d1,1,14.3,31,8.3,0
kis6,2015,7,7,d5,5,14,31.1,8.3,0
kis6,2015,7,7,d10,10,13.8,31.1,8.3,0
koe1,2015,7,8,a0,0,18,24.5,8,0
koe1,2015,7,8,b0,0,17.7,24.6,8,0
koe1,2015,7,8,b1,1,17.7,24.6,8,0
koe1,2015,7,8,c0,0,17.6,24.4,8,0
koe1,2015,7,8,c1,1,17.2,25.2,8,0
koe1,2015,7,8,c3,1.5,14.7,28.3,8.1,0
koe1,2015,7,8,d0,0,17.8,24,8,0
koe1,2015,7,8,d1,1,16.8,26.1,8,0
koe1,2015,7,8,d5,4.5,14.1,29,8.2,0
koe1,2015,7,8,d10,4.5,14.1,29,8.2,0
koe3,2015,7,8,a0,0,17,24.3,7.6,0
koe3,2015,7,8,b0,0,17,24.6,7.8,0
koe3,2015,7,8,b1,1,16.8,25.4,7.9,0
koe3,2015,7,8,c0,0,16.7,24.5,7.9,0
koe3,2015,7,8,c1,1,16.8,24.8,7.9,0
koe3,2015,7,8,c3,1.3,14.8,28.3,8.1,0
koe3,2015,7,8,d0,0,16.3,24.7,8,0
koe3,2015,7,8,d1,1,16.2,26.1,8,0
koe3,2015,7,8,d5,5,14.1,29.1,8.2,0
koe3,2015,7,8,d10,10,9.7,31.3,7.9,0
hab2,2015,7,12,a0,0,13.8,31.2,8,0
hab2,2015,7,12,b0,0,13.8,31.2,8,0
hab2,2015,7,12,b1,1,13.8,31.2,8,0
hab2,2015,7,12,c0,0,13.6,31.3,8,0
hab2,2015,7,12,c1,1,13.6,31.3,8,0
hab2,2015,7,12,c3,3,12.7,31.7,8,0
hab2,2015,7,12,d0,0,13.6,31.4,8,0
hab2,2015,7,12,d1,1,13.4,31.5,8,0
hab2,2015,7,12,d5,5,12.2,31.6,8,0
hab2,2015,7,12,d10,6.5,11.8,31.6,7.9,0
hab1,2015,7,13,a0,0,15.4,29.7,8,6.5
hab1,2015,7,13,b0,0,15.4,29.7,8,6.5
hab1,2015,7,13,b1,1,15.4,29.7,8,6.5
hab1,2015,7,13,c0,0,15.4,29.6,8.1,6.5
hab1,2015,7,13,c1,1,15.5,29.6,8.1,6.5
hab1,2015,7,13,c3,3,15,29.9,8,6.5
hab1,2015,7,13,d0,0,15.5,29.6,8.1,6.5
hab1,2015,7,13,d1,1,15.4,29.6,8.1,6.5
hab1,2015,7,13,d5,5,13,30.5,8.1,6.5
hab1,2015,7,13,d10,10,10.3,31.2,7.9,6.5
hab4,2015,7,13,a0,0,15.1,29.5,8.1,6.3
hab4,2015,7,13,b0,0,15.1,29.5,8.1,6.3
hab4,2015,7,13,b1,1,15.1,29.5,8.1,6.3
hab4,2015,7,13,c0,0,15,29.5,8.1,6.3
hab4,2015,7,13,c1,1,15,29.6,8.1,6.3
hab4,2015,7,13,c3,3,13.8,30.2,8.1,6.3
hab4,2015,7,13,d0,0,15,29.6,8.1,6.3
hab4,2015,7,13,d1,1,14.9,29.6,8.1,6.3
hab4,2015,7,13,d5,5,12.7,30.7,8,6.3
hab4,2015,7,13,d10,10,10.8,31.3,7.9,6.3
fei12,2015,7,14,a0,0,17.7,12.8,8,
fei12,2015,7,14,b0,0,18.2,13,8,
fei12,2015,7,14,b1,1,19.1,25.3,8,
fei12,2015,7,14,c0,0,19.1,20.8,8.1,
fei12,2015,7,14,c1,1,19.1,25.5,8.1,
fei12,2015,7,14,c3,3,19,28.4,8.1,
fei12,2015,7,14,d0,0,19.4,22.5,8.1,
fei12,2015,7,14,d1,1,19.1,25.2,8.1,
fei12,2015,7,14,d5,5,15.7,30.6,8.1,
fei12,2015,7,14,d10,8,10.5,31.8,8,
fei2,2015,7,14,a0,0,19.2,19.2,7.6,
fei2,2015,7,14,b0,0,19.4,21.3,8,
fei2,2015,7,14,b1,1,19.2,25.1,8,
fei2,2015,7,14,c0,0,19.4,21.3,8,
fei2,2015,7,14,c1,1,19.2,25.1,8,
fei2,2015,7,14,c3,1,19.2,25.1,8,
fei2,2015,7,14,d0,0,19.5,18.8,8.1,
fei2,2015,7,14,d1,1,19.5,24.9,8.1,
fei2,2015,7,14,d5,2.8,18.5,28.6,8,
fei2,2015,7,14,d10,2.8,18.5,28.6,8,
ssp,2015,7,28,a0,0,13.4,30.8,7.8,6
ssp,2015,7,28,b0,0,13.2,30.9,8,6
ssp,2015,7,28,b1,1,12.8,31.4,8,6
ssp,2015,7,28,c0,0,13.8,30.4,8,6
ssp,2015,7,28,c1,1,13,31.1,8,6
ssp,2015,7,28,c3,3,12.9,31.2,8,6
ssp,2015,7,28,d0,0,13.6,30.7,8,6
ssp,2015,7,28,d1,1,13.3,30.9,8,6
ssp,2015,7,28,d5,5,12.7,31.3,8,6
ssp,2015,7,28,d10,10,12.5,31.4,8,6
wfb,2015,7,28,a0,0,13.6,31.1,8,6
wfb,2015,7,28,b0,0,13.5,31.3,8,6
wfb,2015,7,28,b1,1,13.3,30.3,8,6
wfb,2015,7,28,c0,0,13.3,31.3,8,6
wfb,2015,7,28,c1,1,13.3,31.4,8,6
wfb,2015,7,28,c3,1.5,13.2,31.5,8,6
wfb,2015,7,28,d0,0,13.3,31.4,8,6
wfb,2015,7,28,d1,1,13.2,31.5,8,6
wfb,2015,7,28,d5,5,12.6,31.7,8,6
wfb,2015,7,28,d10,5.3,12.6,31.7,8,6
hdo,2015,7,29,a0,0,14.9,21.6,8,5.5
hdo,2015,7,29,b0,0,15.4,26.4,8.2,5.5
hdo,2015,7,29,b1,1,15.5,28.2,8.1,5.5
hdo,2015,7,29,c0,0,15.5,26.7,8.2,5.5
hdo,2015,7,29,c1,1,15.5,28.2,8.2,5.5
hdo,2015,7,29,c3,3,14.9,30.1,8.1,5.5
hdo,2015,7,29,d0,0,15.4,27.7,8.2,5.5
hdo,2015,7,29,d1,1,15.4,28.7,8.2,5.5
hdo,2015,7,29,d5,5,14.3,30.9,8.1,5.5
hdo,2015,7,29,d10,10,14.2,30.9,8.1,5.5
ppo,2015,7,29,a0,0,15.7,25.7,8,5.5
ppo,2015,7,29,b0,0,17.7,27.4,8.1,5.5
ppo,2015,7,29,b1,1,15.2,29.4,8.1,5.5
ppo,2015,7,29,c0,0,15.7,25.6,8.1,5.5
ppo,2015,7,29,c1,1,15.5,29,8.2,5.5
ppo,2015,7,29,c3,3,14.8,30.5,8.1,5.5
ppo,2015,7,29,d0,0,15.8,26.8,8,5.5
ppo,2015,7,29,d1,1,15.5,29.1,8.1,5.5
ppo,2015,7,29,d5,5,13.9,31,8.1,5.5
ppo,2015,7,29,d10,10,13,31.6,8,5.5
chp,2015,7,30,a0,0,11.8,31.4,7.9,9
chp,2015,7,30,b0,0,11.8,31.4,7.9,9
chp,2015,7,30,b1,1,11.8,31.4,7.9,9
chp,2015,7,30,c0,0,11.8,31.3,8,9
chp,2015,7,30,c1,1,11.8,31.4,8,9
chp,2015,7,30,c3,1.2,11.8,31.4,8,9
chp,2015,7,30,d0,0,11.9,31.3,8,9
chp,2015,7,30,d1,1,11.9,31.3,8,9
chp,2015,7,30,d5,4,11.9,31.3,8,9
chp,2015,7,30,d10,4,11.9,31.3,8,9
pba,2015,7,30,a0,0,14.2,29.9,6.5,6.5
pba,2015,7,30,b0,0,14.5,30.1,7.8,6.5
pba,2015,7,30,b1,1,14.5,30.3,7.8,6.5
pba,2015,7,30,c0,0,14.4,30.2,7.8,6.5
pba,2015,7,30,c1,1,14.4,30.3,7.8,6.5
pba,2015,7,30,c3,3,14.4,30.2,7.8,6.5
pba,2015,7,30,d0,0,14.7,30,8,6.5
pba,2015,7,30,d1,1,14.5,30.3,8,6.5
pba,2015,7,30,d5,5,13.8,30.8,8,6.5
pba,2015,7,30,d10,6,13.8,30.9,8,6.5
koe1,2015,7,31,a0,0,16.1,0.1,8,4
koe1,2015,7,31,b0,0,16.3,0.1,8,4
koe1,2015,7,31,b1,1,16.1,17.8,8,4
koe1,2015,7,31,c0,0,16.4,16.9,8,4
koe1,2015,7,31,c1,1,15.2,18.8,7.9,4
koe1,2015,7,31,c3,3,13.2,30.3,8,4
koe1,2015,7,31,d0,0,16.4,15.8,8.1,4
koe1,2015,7,31,d1,1,14.2,27.6,8.1,4
koe1,2015,7,31,d5,5,12.6,30.7,8.1,4
koe1,2015,7,31,d10,10,11.9,30.8,8,4
koe3,2015,7,31,a0,0,16.4,15.2,7.7,4
koe3,2015,7,31,b0,0,16.5,11.7,7.8,4
koe3,2015,7,31,b1,1,16.4,15.9,7.8,4
koe3,2015,7,31,c0,0,16.7,10.6,7.9,4
koe3,2015,7,31,c1,1,16.7,14.2,7.7,4
koe3,2015,7,31,c3,1.5,13.5,29.8,7.8,4
koe3,2015,7,31,d0,0,16.4,15.8,8.1,4
koe3,2015,7,31,d1,1,14.2,27.6,8.1,4
koe3,2015,7,31,d5,5,12.6,30.7,8.1,4
koe3,2015,7,31,d10,10,11.9,30.8,8,4
ris1,2015,8,1,a0,0,16.2,23,8.1,6
ris1,2015,8,1,b0,0,16.1,23,8.1,6
ris1,2015,8,1,b1,1,16,22.9,8.1,6
ris1,2015,8,1,c0,0,15.4,22.5,8,6
ris1,2015,8,1,c1,1,15.5,22.7,8,6
ris1,2015,8,1,c3,3,12.2,22.5,8,6
ris1,2015,8,1,d0,0,15.2,22.7,8,6
ris1,2015,8,1,d1,1,15.3,24.1,8,6
ris1,2015,8,1,d5,5,11.1,30.7,7.8,6
ris1,2015,8,1,d10,10,10.5,31,7.8,6
ris3,2015,8,1,a0,0,14.8,26.5,7.9,6
ris3,2015,8,1,b0,0,14.1,28.3,7.8,6
ris3,2015,8,1,b1,1,13.4,29.8,7.8,6
ris3,2015,8,1,c0,0,13.7,29,8,6
ris3,2015,8,1,c1,1,13.1,29.9,8,6
ris3,2015,8,1,c3,3,12.2,30.6,7.9,6
ris3,2015,8,1,d0,0,14.7,27.8,8,6
ris3,2015,8,1,d1,1,13.5,29.7,8,6
ris3,2015,8,1,d5,5,11.4,30.9,7.9,6
ris3,2015,8,1,d10,10,10.9,31.1,7.7,6
fei3,2015,8,2,a0,0,15.2,28.9,7.6,4.5
fei3,2015,8,2,b0,0,15.8,28.3,8,4.5
fei3,2015,8,2,b1,1,15.1,29.1,7.9,4.5
fei3,2015,8,2,c0,0,15.8,28.3,8,4.5
fei3,2015,8,2,c1,1,15.8,28.4,8,4.5
fei3,2015,8,2,c3,3,14.1,29.6,8,4.5
fei3,2015,8,2,d0,0,15.8,28.5,8.1,4.5
fei3,2015,8,2,d1,1,15.4,28.7,8.1,4.5
fei3,2015,8,2,d5,5,12.5,30.5,8,4.5
fei3,2015,8,2,d10,6.5,11.7,30.9,7.8,4.5
fei4,2015,8,2,a0,0,15.5,28.6,8.1,4.5
fei4,2015,8,2,b0,0,15.5,27.1,8.1,4.5
fei4,2015,8,2,b1,1,15,28.7,8.1,4.5
fei4,2015,8,2,c0,0,15.5,28.2,8.1,4.5
fei4,2015,8,2,c1,1,15.4,28.3,8.1,4.5
fei4,2015,8,2,c3,3,13.6,29.7,8.1,4.5
fei4,2015,8,2,d0,0,15.7,28,8.1,4.5
fei4,2015,8,2,d1,1,15.3,28.4,8.1,4.5
fei4,2015,8,2,d5,5,12.6,30.4,8,4.5
fei4,2015,8,2,d10,10,11.5,31.1,7.9,4.5
fei13,2015,8,12,a0,0,13.8,28.8,7.6,5
fei13,2015,8,12,b0,0,13.8,29.1,7.9,5
fei13,2015,8,12,b1,1,13.6,29.3,7.9,5
fei13,2015,8,12,c0,0,13.8,29.1,8,5
fei13,2015,8,12,c1,1,13.7,29.2,8,5
fei13,2015,8,12,c3,2.5,13.3,29.7,8,5
fei13,2015,8,12,d0,0,14.5,28,8.2,5
fei13,2015,8,12,d1,1,14.5,28.2,8.2,5
fei13,2015,8,12,d5,3.5,12,30.6,8.1,5
fei13,2015,8,12,d10,3.5,12,30.6,8.1,5
sni10,2015,8,13,a0,0,16.3,21.8,8.1,5
sni10,2015,8,13,b0,0,16.4,21.8,8.1,5
sni10,2015,8,13,b1,1,16,22.3,8,5
sni10,2015,8,13,c0,0,16.3,22.5,8.1,5
sni10,2015,8,13,c1,1,16.2,23.3,8.1,5
sni10,2015,8,13,c3,2.2,15,26.4,8,5
sni10,2015,8,13,d0,0,16.3,22.2,8.2,5
sni10,2015,8,13,d1,1,16.3,23.3,8.2,5
sni10,2015,8,13,d5,5,12.9,29.9,8,5
sni10,2015,8,13,d10,5.9,12,30.7,7.9,5
sni9,2015,8,13,a0,0,16.4,21.1,7.5,4.5
sni9,2015,8,13,b0,0,16.4,21.4,8,4.5
sni9,2015,8,13,b1,1,16.2,22.2,8.1,4.5
sni9,2015,8,13,c0,0,16.3,21.9,8.1,4.5
sni9,2015,8,13,c1,1,16.2,22.2,8.1,4.5
sni9,2015,8,13,c3,2.5,16.8,26.5,8,4.5
sni9,2015,8,13,d0,0,16.5,21.2,8.2,4.5
sni9,2015,8,13,d1,1,16.3,22.1,8.2,4.5
sni9,2015,8,13,d5,5,13.2,29.5,8,4.5
sni9,2015,8,13,d10,10,11.7,31,7.9,4.5
sni11,2015,8,14,a0,0,13.7,25.4,7,4.1
sni11,2015,8,14,b0,0,13.3,25.1,8.4,4.1
sni11,2015,8,14,b1,1,13.5,25.3,8.4,4.1
sni11,2015,8,14,c0,0,13.4,25.3,8.1,4.1
sni11,2015,8,14,c1,1,13.5,25.2,8.1,4.1
sni11,2015,8,14,c3,2.8,13,26.2,8,4.1
sni11,2015,8,14,d0,0,13.6,26,8.1,4.1
sni11,2015,8,14,d1,1,13.5,25.5,8.1,4.1
sni11,2015,8,14,d5,5,10.7,30.1,7.9,4.1
sni11,2015,8,14,d10,10,10.1,30.9,7.8,4.1
sni12,2015,8,14,a0,0,15.3,23.6,8.2,3.8
sni12,2015,8,14,b0,0,15.1,23.5,8.3,3.8
sni12,2015,8,14,b1,1,15.1,23.8,8.3,3.8
sni12,2015,8,14,c0,0,15.4,23.7,8.4,3.8
sni12,2015,8,14,c1,1,15.4,23.7,8.4,3.8
sni12,2015,8,14,c3,3,13.9,28.3,8.3,3.8
sni12,2015,8,14,d0,0,15.4,23.5,8.3,3.8
sni12,2015,8,14,d1,1,15.4,24.2,8.2,3.8
sni12,2015,8,14,d5,5,13.4,29.1,8.1,3.8
sni12,2015,8,14,d10,10,11.7,30.9,7.9,3.8
gog1,2015,8,15,a0,0,15.8,31.6,8.1,11.5
gog1,2015,8,15,b0,0,15.9,31.5,8.1,11.5
gog1,2015,8,15,b1,1,15.9,31.6,8.1,11.5
gog1,2015,8,15,c0,0,15.9,31.6,8.1,11.5
gog1,2015,8,15,c1,1,15.9,31.6,8.1,11.5
gog1,2015,8,15,c3,1,15.9,31.6,8.1,11.5
gog1,2015,8,15,d0,0,16.1,31.1,8.1,11.5
gog1,2015,8,15,d1,1,15.9,31.6,8.1,11.5
gog1,2015,8,15,d5,2,15.9,31.6,8.1,11.5
gog1,2015,8,15,d10,2,15.9,31.6,8.1,11.5
gog4,2015,8,15,a0,0,15.4,31.3,7.4,11.5
gog4,2015,8,15,b0,0,15.4,31.3,7.9,11.5
gog4,2015,8,15,b1,1,15.5,31.3,7.9,11.5
gog4,2015,8,15,c0,0,15.5,31.2,8,11.5
gog4,2015,8,15,c1,1,15.5,31.3,8,11.5
gog4,2015,8,15,c3,1.2,15.5,31.4,8,11.5
gog4,2015,8,15,d0,0,15.6,30.8,8.1,11.5
gog4,2015,8,15,d1,1,15.6,31.3,8.1,11.5
gog4,2015,8,15,d5,4.5,14.7,31.5,8,11.5
gog4,2015,8,15,d10,4.5,14.7,31.5,8,11.5
ris5,2015,8,16,a0,0,17,12.3,7.8,4.8
ris5,2015,8,16,b0,0,16.7,12.1,8.4,4.8
ris5,2015,8,16,b1,1,17.2,12.5,8.5,4.8
ris5,2015,8,16,c0,0,17,12.3,8.5,4.8
ris5,2015,8,16,c1,1,17.2,12.6,8.5,4.8
ris5,2015,8,16,c3,3,17.2,12.7,8.5,4.8
ris5,2015,8,16,d0,0,16.8,11.9,8.5,4.8
ris5,2015,8,16,d1,1,16.9,11.9,8.5,4.8
ris5,2015,8,16,d5,5,16.3,15.5,8.4,4.8
ris5,2015,8,16,d10,10,10.4,30.7,7.9,4.8
ris6,2015,8,17,a0,0,12.7,30.8,8,4
ris6,2015,8,17,b0,0,12.7,30.9,8,4
ris6,2015,8,17,b1,1,12.6,31,8,4
ris6,2015,8,17,c0,0,12.7,30.9,8,4
ris6,2015,8,17,c1,1,12.6,31,8,4
ris6,2015,8,17,c3,2.1,12.4,31.1,8,4
ris6,2015,8,17,d0,0,12,31.3,8,4
ris6,2015,8,17,d1,1,11.9,31.4,8,4
ris6,2015,8,17,d5,5,11.4,31.5,7.9,4
ris6,2015,8,17,d10,10,10.7,31.7,7.8,4
ris7,2015,8,17,a0,0,14.2,28.9,8.1,2.5
ris7,2015,8,17,b0,0,14.4,28.6,8.1,2.5
ris7,2015,8,17,b1,1,14.1,29,8.2,2.5
ris7,2015,8,17,c0,0,14.4,28.6,8.1,2.5
ris7,2015,8,17,c1,1,14.1,29,8.2,2.5
ris7,2015,8,17,c3,1.8,13.9,29.4,8.1,2.5
ris7,2015,8,17,d0,0,14.4,28.4,8.2,2.5
ris7,2015,8,17,d1,1,14.2,28.8,8.2,2.5
ris7,2015,8,17,d5,4,13.2,30.2,8,2.5
ris7,2015,8,17,d10,4,13.2,30.2,8,2.5
hdo,2015,9,2,a0,0,11.9,24,7.8,5
hdo,2015,9,2,b0,0,11.9,24.4,7.8,5
hdo,2015,9,2,b1,1,11.9,27.6,7.8,5
hdo,2015,9,2,c0,0,11.9,27,7.9,5
hdo,2015,9,2,c1,1,11.9,27.7,7.9,5
hdo,2015,9,2,c3,3,11.9,27.7,7.9,5
hdo,2015,9,2,d0,0,11.9,27.4,7.8,5
hdo,2015,9,2,d1,1,11.9,27.7,7.8,5
hdo,2015,9,2,d5,5,11.8,29.7,7.9,5
hdo,2015,9,2,d10,10,11.8,29.7,7.9,5
ppo,2015,9,2,a0,0,12,27.8,7.7,4
ppo,2015,9,2,b0,0,11.9,27.7,7.8,4
ppo,2015,9,2,b1,1,11.9,28.1,7.8,4
ppo,2015,9,2,c0,0,12,27.4,7.8,4
ppo,2015,9,2,c1,1,11.9,28,7.8,4
ppo,2015,9,2,c3,3,11.9,28.3,7.8,4
ppo,2015,9,2,d0,0,11.9,27.8,7.8,4
ppo,2015,9,2,d1,1,11.9,28,7.8,4
ppo,2015,9,2,d5,5,11.9,28.9,7.9,4
ppo,2015,9,2,d10,10,12,30.5,7.8,4
ssp,2015,9,3,a0,0,11.2,30.8,7.8,0
ssp,2015,9,3,b0,0,11.2,30.9,7.8,0
ssp,2015,9,3,b1,1,11.2,30.9,7.8,0
ssp,2015,9,3,c0,0,11.2,30.9,7.8,0
ssp,2015,9,3,c1,1,11.2,30.9,7.8,0
ssp,2015,9,3,c3,2,11.2,30.9,7.9,0
ssp,2015,9,3,d0,0,11.5,30.8,7.9,0
ssp,2015,9,3,d1,1,11.5,30.8,7.9,0
ssp,2015,9,3,d5,5,11.1,30.9,7.9,0
ssp,2015,9,3,d10,9.5,11.1,30.9,7.9,0
wfb,2015,9,3,a0,0,11.8,26.7,6.6,<9
wfb,2015,9,3,b0,0,11.5,27.6,7.7,<9
wfb,2015,9,3,b1,1,11.2,30.9,7.7,<9
wfb,2015,9,3,c0,0,11.5,30.1,7.8,<9
wfb,2015,9,3,c1,1,11.2,30.8,7.8,<9
wfb,2015,9,3,c3,2,11,30.8,7.8,<9
wfb,2015,9,3,d0,0,11.1,30.7,7.8,<9
wfb,2015,9,3,d1,1,11.1,30.7,7.8,<9
wfb,2015,9,3,d5,5,10.9,30.9,7.8,<9
wfb,2015,9,3,d10,5.5,10.9,30.9,7.8,<9
chp,2015,9,11,a0,0,12.1,30.7,7.1,10
chp,2015,9,11,b0,0,12,30.8,7.8,10
chp,2015,9,11,b1,1,12,30.8,7.8,10
chp,2015,9,11,c0,0,12,30.8,7.9,10
chp,2015,9,11,c1,1,12,30.8,7.9,10
chp,2015,9,11,c3,1.5,12,30.8,7.9,10
chp,2015,9,11,d0,0,12,30.8,7.9,10
chp,2015,9,11,d1,1,12,30.8,7.9,10
chp,2015,9,11,d5,2.5,12,30.6,7.9,10
chp,2015,9,11,d10,2.5,12,30.6,7.9,10
pba,2015,9,12,a0,0,13.7,26.4,7.1,5.5
pba,2015,9,12,b0,0,13.4,23.5,7.7,5.5
pba,2015,9,12,b1,1,13.5,28.5,7.7,5.5
pba,2015,9,12,c0,0,13.7,27.5,7.7,5.5
pba,2015,9,12,c1,1,13.6,28.1,7.8,5.5
pba,2015,9,12,c3,2,13.2,28.8,7.8,5.5
pba,2015,9,12,d0,0,13.7,27.8,7.9,5.5
pba,2015,9,12,d1,1,13.5,28.2,8,5.5
pba,2015,9,12,d5,5,12.8,29.5,8,5.5
pba,2015,9,12,d10,10,12.2,30,7.9,5.5
koe1,2015,9,13,a0,0,13.2,9.9,7.9,6
koe1,2015,9,13,b0,0,13.2,9,8.8,6
koe1,2015,9,13,b1,1,12.9,25.5,7.7,6
koe1,2015,9,13,c0,0,13.4,10.5,8.1,6
koe1,2015,9,13,c1,1,12.9,23.5,7.8,6
koe1,2015,9,13,c3,2,12.7,27.9,7.8,6
koe1,2015,9,13,d0,0,13.5,10.4,8,6
koe1,2015,9,13,d1,1,13.5,23.4,7.8,6
koe1,2015,9,13,d5,3,12.1,28.9,8,6
koe1,2015,9,13,d10,3,12.1,28.9,8,6
koe3,2015,9,13,a0,0,13.7,7.7,6.4,6
koe3,2015,9,13,b0,0,13.7,8,6.7,6
koe3,2015,9,13,b1,1,13.7,9.3,6.7,6
koe3,2015,9,13,c0,0,13.7,7.2,7.1,6
koe3,2015,9,13,c1,1,13.7,7.4,7.1,6
koe3,2015,9,13,c3,2,12.6,27.3,7.2,6
koe3,2015,9,13,d0,0,13.6,6.3,7.7,6
koe3,2015,9,13,d1,1,13.6,13.4,7.6,6
koe3,2015,9,13,d5,5,11.8,29.5,7.7,6
koe3,2015,9,13,d10,10,11.5,30.6,7.8,6
ssp,2016,4,7,a0,0,9.1,30.3,7.4,
ssp,2016,4,7,b0,0,9.1,30.3,7.4,
ssp,2016,4,7,b1,1,9.1,30.4,7.7,
ssp,2016,4,7,c0,0,9.1,30.4,7.9,
ssp,2016,4,7,c1,1,9.1,30.4,7.9,
ssp,2016,4,7,c3,2,9.1,30.5,8,
ssp,2016,4,7,d0,0,9.1,30.3,8,
ssp,2016,4,7,d1,1,9.1,30.4,8,
ssp,2016,4,7,d5,5,9.1,30.5,8,
ssp,2016,4,7,d10,10,9.1,30.5,8,
chp,2016,4,8,a0,0,9,29.6,8,
chp,2016,4,8,b0,0,9.2,30.6,8,
chp,2016,4,8,b1,1,9.2,30.7,8,
chp,2016,4,8,c0,0,9.2,30.6,8,
chp,2016,4,8,c1,1,9.2,30.7,8,
chp,2016,4,8,c3,1,9.2,30.7,8,
chp,2016,4,8,d0,0,9.2,30.7,8,
chp,2016,4,8,d1,1,9.2,30.7,8,
chp,2016,4,8,d5,5,9.2,30.7,8,
chp,2016,4,8,d10,10,9.2,30.7,8,
wfb,2016,4,8,a0,0,9.4,30.4,7.1,5.5
wfb,2016,4,8,b0,0,9.2,30.3,7.8,5.5
wfb,2016,4,8,b1,1,9.3,30.6,7.8,5.5
wfb,2016,4,8,c0,0,9.3,30.4,7.9,5.5
wfb,2016,4,8,c1,1,9.3,30.6,7.9,5.5
wfb,2016,4,8,c3,2,9.3,30.7,8,5.5
wfb,2016,4,8,d0,0,9.2,30.7,8,5.5
wfb,2016,4,8,d1,1,9.2,30.7,8,5.5
wfb,2016,4,8,d5,5,9.2,30.7,8,5.5
wfb,2016,4,8,d10,5,9.2,30.7,8,5.5
pba,2016,4,9,a0,0,7.7,15.1,8.1,
pba,2016,4,9,b0,0,7.6,16.9,7.9,
pba,2016,4,9,b1,1,9.2,29,7.8,
pba,2016,4,9,c0,0,9.1,28.7,7.9,
pba,2016,4,9,c1,1,9.4,29.5,7.9,
pba,2016,4,9,c3,3,9.5,29.7,7.9,
pba,2016,4,9,d0,0,9.2,7.3,7.9,
pba,2016,4,9,d1,1,9.3,28.5,7.9,
pba,2016,4,9,d5,5,9.3,30.2,8,
pba,2016,4,9,d10,10,9,30.4,8,
ppo,2016,4,9,a0,0,9.3,29.7,7,
ppo,2016,4,9,b0,0,9.3,29.9,7.4,
ppo,2016,4,9,b1,1,9.2,30,7.8,
ppo,2016,4,9,c0,0,9.2,30,7.9,
ppo,2016,4,9,c1,1,9.2,30,7.9,
ppo,2016,4,9,c3,3,9.2,30.1,7.9,
ppo,2016,4,9,d0,0,9.2,29.9,8,
ppo,2016,4,9,d1,1,9.2,30,8,
ppo,2016,4,9,d5,5,9.2,30.1,8,
ppo,2016,4,9,d10,10,9,30.4,8,
hdo,2016,4,12,a0,0,9.4,26.5,7.7,3.5
hdo,2016,4,12,b0,0,9.4,28,8.1,3.5
hdo,2016,4,12,b1,1,9.4,29.2,8,3.5
hdo,2016,4,12,c0,0,9.4,28.2,8.1,3.5
hdo,2016,4,12,c1,1,9.4,29.2,8.1,3.5
hdo,2016,4,12,c3,3,9.4,29.2,8.2,3.5
hdo,2016,4,12,d0,0,9.4,28.9,8.2,3.5
hdo,2016,4,12,d1,1,9.4,28.9,8.2,3.5
hdo,2016,4,12,d5,5,9.4,29.2,8.2,3.5
hdo,2016,4,12,d10,10,9.4,29.2,8.2,3.5
chp,2016,5,7,a0,0,9.7,30.8,7.7,bottom
chp,2016,5,7,b0,0,9.7,30.9,7.7,bottom
chp,2016,5,7,b1,1,9.6,30.9,7.8,bottom
chp,2016,5,7,c0,0,9.7,30.8,7.9,bottom
chp,2016,5,7,c1,1,9.7,30.5,7.9,bottom
chp,2016,5,7,c3,1.3,9.7,30.8,7.9,bottom
chp,2016,5,7,d0,0,9.6,30.9,7.9,bottom
chp,2016,5,7,d1,1,9.6,30.9,7.9,bottom
chp,2016,5,7,d5,4,9.6,31,7.9,bottom
chp,2016,5,7,d10,4,9.6,31,7.9,bottom
hdo,2016,5,7,a0,0,10.8,8.9,8,0
hdo,2016,5,7,b0,0,10.7,28.5,8,0
hdo,2016,5,7,b1,1,10.7,28.8,8.1,0
hdo,2016,5,7,c0,0,10.7,28.7,8.1,0
hdo,2016,5,7,c1,1,10.7,28.8,8.1,0
hdo,2016,5,7,c3,3,10.7,29,8.1,0
hdo,2016,5,7,d0,0,10.6,28.9,8.1,0
hdo,2016,5,7,d1,1,10.7,28.9,8.1,0
hdo,2016,5,7,d5,5,10.7,29,8.1,0
hdo,2016,5,7,d10,10,10.7,29.2,8.2,0
ssp,2016,5,8,a0,0,,,,0
ssp,2016,5,8,b0,0,9.6,30.1,7.9,0
ssp,2016,5,8,b1,1,9.6,30.1,8,0
ssp,2016,5,8,c0,0,9.6,30.2,7.9,0
ssp,2016,5,8,c1,1,9.6,30.2,7.9,0
ssp,2016,5,8,c3,1.3,9.6,30.2,7.9,0
ssp,2016,5,8,d0,0,9.5,30.3,7.9,0
ssp,2016,5,8,d1,1,9.5,30.3,7.9,0
ssp,2016,5,8,d5,1.1,9.5,30.3,7.9,0
ssp,2016,5,8,d10,1.1,9.5,30.3,7.9,0
wfb,2016,5,8,a0,0,,,,0
wfb,2016,5,8,b0,0,,,,0
wfb,2016,5,8,b1,1,,,,0
wfb,2016,5,8,c0,0,9.8,29.4,7.6,0
wfb,2016,5,8,c1,1,9.8,30.1,7.8,0
wfb,2016,5,8,c3,3,9.8,30.1,7.8,0
wfb,2016,5,8,d0,0,9.6,29.9,7.9,0
wfb,2016,5,8,d1,1,9.6,30,7.9,0
wfb,2016,5,8,d5,5,9.6,30.1,7.9,0
wfb,2016,5,8,d10,5,9.6,30.1,7.9,0
pba,2016,5,9,a0,0,10.3,29.1,8,0
pba,2016,5,9,b0,0,10.3,29.3,8,0
pba,2016,5,9,b1,1,10.4,29.4,8,0
pba,2016,5,9,c0,0,10.4,29.3,8,0
pba,2016,5,9,c1,1,10.3,29.4,8,0
pba,2016,5,9,c3,3,10.2,29.7,7.9,0
pba,2016,5,9,d0,0,10.3,29.4,8,0
pba,2016,5,9,d1,1,10.4,29.5,8,0
pba,2016,5,9,d5,5,9.7,30,8,0
pba,2016,5,9,d10,9,9.5,30.2,7.9,0
ppo,2016,5,9,a0,0,10.5,29.2,8,0
ppo,2016,5,9,b0,0,10.3,29.3,8,0
ppo,2016,5,9,b1,1,10.2,29.4,8,0
ppo,2016,5,9,c0,0,10.4,29.3,8,0
ppo,2016,5,9,c1,1,10.3,29.4,8,0
ppo,2016,5,9,c3,3,9.7,30.1,8,0
ppo,2016,5,9,d0,0,10.3,29.3,8.1,0
ppo,2016,5,9,d1,1,10.3,29.5,8,0
ppo,2016,5,9,d5,5,9.7,30,8,0
ppo,2016,5,9,d10,10,9.5,30.3,8,0
hdo,2016,6,3,a0,0,11.7,25,8,2
hdo,2016,6,3,b0,0,11.8,25.5,7.9,2
hdo,2016,6,3,b1,1,12,28.8,7.9,2
hdo,2016,6,3,c0,0,12,29.1,8,2
hdo,2016,6,3,c1,1,12,29.3,8.1,2
hdo,2016,6,3,c3,3,12,29.6,8.1,2
hdo,2016,6,3,d0,0,12,29.5,8.1,2
hdo,2016,6,3,d1,1,12,29.5,8.1,2
hdo,2016,6,3,d5,5,12,29.6,8.2,2
hdo,2016,6,3,d10,10,12,29.6,8.2,2
ppo,2016,6,3,a0,0,12.4,29.3,7.6,3
ppo,2016,6,3,b0,0,12.3,28.4,7.7,3
ppo,2016,6,3,b1,1,12.3,29.4,7.8,3
ppo,2016,6,3,c0,0,12.3,29.4,7.9,3
ppo,2016,6,3,c1,1,12.3,29.4,8,3
ppo,2016,6,3,c3,3,12.1,29.6,8,3
ppo,2016,6,3,d0,0,12.3,29.4,8,3
ppo,2016,6,3,d1,1,12.3,29.4,8.1,3
ppo,2016,6,3,d5,5,10.8,30.4,8.1,3
ppo,2016,6,3,d10,10,10.6,30.5,8.1,3
chp,2016,6,5,a0,0,11.4,31.2,8,4
chp,2016,6,5,b0,0,11.3,31.1,7.7,4
chp,2016,6,5,b1,1,11.2,31.2,7.8,4
chp,2016,6,5,c0,0,11.2,31.2,7.8,4
chp,2016,6,5,c1,1,11.1,31.3,7.9,4
chp,2016,6,5,c3,1.5,11.1,31.2,7.9,4
chp,2016,6,5,d0,0,11.1,31.2,7.9,4
chp,2016,6,5,d1,1,11,31.2,7.9,4
chp,2016,6,5,d5,4,11,31.2,7.9,4
chp,2016,6,5,d10,4,11,31.2,7.9,4
pba,2016,6,5,a0,0,11.6,24.8,7.9,2.5
pba,2016,6,5,b0,0,11.8,25.7,8,2.5
pba,2016,6,5,b1,1,11.6,30.2,8.1,2.5
pba,2016,6,5,c0,0,12.4,27,8.1,2.5
pba,2016,6,5,c1,1,11.6,30.4,8.1,2.5
pba,2016,6,5,c3,2,10.9,30.5,8.1,2.5
pba,2016,6,5,d0,0,13.2,23.5,8,2.5
pba,2016,6,5,d1,1,11.8,30.1,8.1,2.5
pba,2016,6,5,d5,5,10.5,30.5,8.1,2.5
pba,2016,6,5,d10,10,10.2,30.7,8.1,2.5
ssp,2016,6,6,a0,0,10.8,31.2,8,5
ssp,2016,6,6,b0,0,10.8,31.2,8,5
ssp,2016,6,6,b1,1,10.8,31.2,8,5
ssp,2016,6,6,c0,0,10.8,31.2,8,5
ssp,2016,6,6,c1,1,10.8,31.3,8,5
ssp,2016,6,6,c3,2,10.7,31.3,8,5
ssp,2016,6,6,d0,0,10.8,31.3,8,5
ssp,2016,6,6,d1,1,10.9,31.3,8,5
ssp,2016,6,6,d5,5,10.8,31.3,8,5
ssp,2016,6,6,d10,6,10.8,31.3,8,5
wfb,2016,6,6,a0,0,11.4,30.8,7.4,5.5
wfb,2016,6,6,b0,0,11.3,31.1,7.7,5.5
wfb,2016,6,6,b1,1,11.2,31.2,7.8,5.5
wfb,2016,6,6,c0,0,11.4,31.1,7.9,5.5
wfb,2016,6,6,c1,1,11,31.3,7.9,5.5
wfb,2016,6,6,c3,2.5,10.9,31.3,7.9,5.5
wfb,2016,6,6,d0,0,10.9,31.3,7.9,5.5
wfb,2016,6,6,d1,1,10.8,31.3,7.9,5.5
wfb,2016,6,6,d5,5,10.5,31.4,7.9,5.5
wfb,2016,6,6,d10,5.5,10.4,31.4,7.9,5.5
chp,2016,7,2,a0,0,12.4,30.7,8,3
chp,2016,7,2,b0,0,12.4,30.5,8,3
chp,2016,7,2,b1,1,12.4,30.7,8,3
chp,2016,7,2,c0,0,12.6,30.7,8,3
chp,2016,7,2,c1,1,12.6,30.4,8,3
chp,2016,7,2,c3,1.5,12.6,30.7,8,3
chp,2016,7,2,d0,0,12.7,30.5,8,3
chp,2016,7,2,d1,1,12.9,30.6,8.1,3
chp,2016,7,2,d5,3,12.9,30.6,8.1,3
chp,2016,7,2,d10,3,12.9,30.6,8.1,3
hdo,2016,7,2,a0,0,13.7,29.1,7,5
hdo,2016,7,2,b0,0,13.9,29.4,7.8,5
hdo,2016,7,2,b1,1,13.9,29.6,7.9,5
hdo,2016,7,2,c0,0,13.8,29.3,7.9,5
hdo,2016,7,2,c1,1,13.9,29.5,7.9,5
hdo,2016,7,2,c3,3,13.7,29.6,8,5
hdo,2016,7,2,d0,0,14,29.5,8,5
hdo,2016,7,2,d1,1,13.8,29.6,8,5
hdo,2016,7,2,d5,5,12,30.4,8.1,5
hdo,2016,7,2,d10,10,11.6,30.5,8,5
pba,2016,7,3,a0,0,11.8,30.2,7.8,
pba,2016,7,3,b0,0,11.8,30.2,7.8,
pba,2016,7,3,b1,1,11.7,30.4,7.9,
pba,2016,7,3,c0,0,11.8,29.6,7.9,
pba,2016,7,3,c1,1,11.8,30.3,7.9,
pba,2016,7,3,c3,1.2,11.7,30.4,7.9,
pba,2016,7,3,d0,0,12.1,29.7,7.9,
pba,2016,7,3,d1,1,12.1,30.5,7.9,
pba,2016,7,3,d5,5,11.7,30.4,8,
pba,2016,7,3,d10,10,11.4,30.6,8,
ppo,2016,7,3,a0,0,13.1,26.6,7.4,2.5
ppo,2016,7,3,b0,0,13.1,27.3,7.5,2.5
ppo,2016,7,3,b1,1,13.3,28.4,7.8,2.5
ppo,2016,7,3,c0,0,13.2,27.6,7.9,2.5
ppo,2016,7,3,c1,1,13.3,28.6,7.9,2.5
ppo,2016,7,3,c3,3,12.7,30.2,7.9,2.5
ppo,2016,7,3,d0,0,13.3,28.6,8,2.5
ppo,2016,7,3,d1,1,13.3,29.2,7.9,2.5
ppo,2016,7,3,d5,5,12.5,30.3,7.9,2.5
ppo,2016,7,3,d10,10,12,30.6,7.8,2.5
ssp,2016,7,4,a0,0,12.7,30.7,7.9,5
ssp,2016,7,4,b0,0,12.5,31,8,5
ssp,2016,7,4,b1,1,12.5,31,8,5
ssp,2016,7,4,c0,0,12.5,31,8,5
ssp,2016,7,4,c1,1,12.5,31,8,5
ssp,2016,7,4,c3,2.5,12.5,30.8,8,5
ssp,2016,7,4,d0,0,12.4,31,8,5
ssp,2016,7,4,d1,1,12.3,31,8,5
ssp,2016,7,4,d5,5,12.3,31,8,5
ssp,2016,7,4,d10,10,12.1,31.1,8,5
wfb,2016,7,4,a0,0,13.1,30,7.4,4
wfb,2016,7,4,b0,0,13,30.1,7.7,4
wfb,2016,7,4,b1,1,13,3.7,7.8,4
wfb,2016,7,4,c0,0,13,30.4,7.9,4
wfb,2016,7,4,c1,1,12.8,30.9,7.9,4
wfb,2016,7,4,c3,2.5,12.7,30.9,8,4
wfb,2016,7,4,d0,0,13,30.5,8,4
wfb,2016,7,4,d1,1,12.9,30.9,8,4
wfb,2016,7,4,d5,5,12.6,31,8,4
wfb,2016,7,4,d10,5,12.6,31,8,4
sni1,2016,7,20,a0,0,14.8,26.2,8.2,3
sni1,2016,7,20,b0,0,14.7,26.2,8.2,3
sni1,2016,7,20,b1,1,14.6,26.3,8.2,3
sni1,2016,7,20,c0,0,14.7,26.1,8.3,3
sni1,2016,7,20,c1,1,14.7,26.3,8.3,3
sni1,2016,7,20,c3,3,11.8,29.2,8.3,3
sni1,2016,7,20,d0,0,14.6,26.4,8.2,3
sni1,2016,7,20,d1,1,14.5,26.7,8.2,3
sni1,2016,7,20,d5,5,11.2,29.6,8.2,3
sni1,2016,7,20,d10,10,10.7,30.3,8.2,3
sni2,2016,7,20,a0,0,15.3,25.4,8.1,3
sni2,2016,7,20,b0,0,15.4,25.6,8.2,3
sni2,2016,7,20,b1,1,15.4,25.6,8.3,3
sni2,2016,7,20,c0,0,15.7,25.2,8.2,3
sni2,2016,7,20,c1,1,15.7,25.3,8.2,3
sni2,2016,7,20,c3,3,13.8,27.4,8.3,3
sni2,2016,7,20,d0,0,15.6,25.3,8.3,3
sni2,2016,7,20,d1,1,15.6,25.3,8.3,3
sni2,2016,7,20,d5,5,12.7,28.3,8.4,3
sni2,2016,7,20,d10,10,11.9,29.1,8.3,3
kis1,2016,7,21,a0,0,14.8,30.4,8.1,5
kis1,2016,7,21,b0,0,14.7,30.3,8.1,5
kis1,2016,7,21,b1,1,14.7,30.3,8.1,5
kis1,2016,7,21,c0,0,14.7,30.3,8.1,5
kis1,2016,7,21,c1,1,14.7,30.3,8.1,5
kis1,2016,7,21,c3,4,14.6,30.4,8.1,5
kis1,2016,7,21,d0,0,14.7,30.3,8.1,5
kis1,2016,7,21,d1,1,14.7,30.3,8.1,5
kis1,2016,7,21,d5,5,14.5,30.5,8.1,5
kis1,2016,7,21,d10,10,13.3,30.9,8.1,5
gog1,2016,7,22,a0,0,14.9,31.5,8.1,5.5
gog1,2016,7,22,b0,0,14.7,31.4,8.1,5.5
gog1,2016,7,22,b1,1,14.7,31.4,8.1,5.5
gog1,2016,7,22,c0,0,14.6,31.4,8.1,5.5
gog1,2016,7,22,c1,1,14.6,31.4,8.1,5.5
gog1,2016,7,22,c3,1.2,14.6,31.4,8.1,5.5
gog1,2016,7,22,d0,0,14.9,31.4,8.1,5.5
gog1,2016,7,22,d1,1,14.9,31.4,8.1,5.5
gog1,2016,7,22,d5,5,14.9,31.4,8.1,5.5
gog1,2016,7,22,d10,10,14.9,31.4,8.1,5.5
gog4,2016,7,22,a0,0,14.9,31.3,8.1,5.5
gog4,2016,7,22,b0,0,14.9,31.3,8.1,5.5
gog4,2016,7,22,b1,1,14.9,31.3,8.1,5.5
gog4,2016,7,22,c0,0,15,31.3,8.1,5.5
gog4,2016,7,22,c1,1,15,31.3,8.1,5.5
gog4,2016,7,22,c3,2,14.8,31.3,8.1,5.5
gog4,2016,7,22,d0,0,15,31.3,8.1,5.5
gog4,2016,7,22,d1,1,15,31.3,8.1,5.5
gog4,2016,7,22,d5,5,14,31.4,8.2,5.5
gog4,2016,7,22,d10,10,14,31.4,8.2,5.5
kis2,2016,7,22,a0,0,14.8,30.6,8,5
kis2,2016,7,22,b0,0,14.8,30.6,8,5
kis2,2016,7,22,b1,1,14.8,30.6,8,5
kis2,2016,7,22,c0,0,14.9,30.6,8,5
kis2,2016,7,22,c1,1,14.8,30.6,8.1,5
kis2,2016,7,22,c3,2,14.7,30.7,8.1,5
kis2,2016,7,22,d0,0,15.1,30.5,8.1,5
kis2,2016,7,22,d1,1,15.1,30.5,8.1,5
kis2,2016,7,22,d5,5,15,30.6,8.1,5
kis2,2016,7,22,d10,10,13.6,31,8.1,5
ris1,2016,7,23,a0,0,15.1,19.9,8.1,2.5
ris1,2016,7,23,b0,0,15.4,20,8.2,2.5
ris1,2016,7,23,b1,1,15.1,20.4,8.2,2.5
ris1,2016,7,23,c0,0,15.7,20.1,8.2,2.5
ris1,2016,7,23,c1,1,15.3,20.3,8.2,2.5
ris1,2016,7,23,c3,1.5,15.3,19.9,8.2,2.5
ris1,2016,7,23,d0,0,15.7,19.6,8.2,2.5
ris1,2016,7,23,d1,1,15.7,19.9,8.2,2.5
ris1,2016,7,23,d5,5,11.4,28.7,8.2,2.5
ris1,2016,7,23,d10,10,9.9,30.5,8.2,2.5
ris3,2016,7,23,a0,0,15.1,22.2,8.2,3
ris3,2016,7,23,b0,0,15.1,22.3,8.1,3
ris3,2016,7,23,b1,1,15,22.5,8.1,3
ris3,2016,7,23,c0,0,15.1,22.2,8.2,3
ris3,2016,7,23,c1,1,15.1,22.3,8.2,3
ris3,2016,7,23,c3,5,11.1,29.6,8.2,3
ris3,2016,7,23,d0,0,15.2,22.2,8.2,3
ris3,2016,7,23,d1,1,15.1,22.3,8.2,3
ris3,2016,7,23,d5,5,10.9,29.8,8.1,3
ris3,2016,7,23,d10,10,10,30.3,8.1,3
fan1,2016,7,24,a0,0,14.3,31,8.1,4
fan1,2016,7,24,b0,0,14.3,31.1,8.1,4
fan1,2016,7,24,b1,1,14.3,30.6,8.1,4
fan1,2016,7,24,c0,0,14.3,31.1,8.1,4
fan1,2016,7,24,c1,1,14.3,31.1,8.1,4
fan1,2016,7,24,c3,3,14.2,31.2,8.1,4
fan1,2016,7,24,d0,0,14.2,31.1,8,4
fan1,2016,7,24,d1,1,14.2,31.1,8,4
fan1,2016,7,24,d5,3.5,14,31.2,8,4
fan1,2016,7,24,d10,10,,,,
fan3,2016,7,24,a0,0,14.6,30.9,8,4
fan3,2016,7,24,b0,0,14.4,31,8.1,4
fan3,2016,7,24,b1,1,14.4,31.1,8.1,4
fan3,2016,7,24,c0,0,14.4,31.1,8,4
fan3,2016,7,24,c1,1,14.4,31,8,4
fan3,2016,7,24,c3,3,14.3,31.1,8.1,4
fan3,2016,7,24,d0,0,14.3,31.1,8.1,4
fan3,2016,7,24,d1,1,14.3,31.1,8.1,4
fan3,2016,7,24,d5,5,14.3,31.1,8.1,4
fan3,2016,7,24,d10,10,14.3,31.1,8.1,4
fei3,2016,7,25,a0,0,15,26.4,8.3,0
fei3,2016,7,25,b0,0,15.2,26.6,8.2,0
fei3,2016,7,25,b1,1,14.8,26.8,8.3,0
fei3,2016,7,25,c0,0,14.9,26.5,8.3,0
fei3,2016,7,25,c1,1,14.6,26.9,8.3,0
fei3,2016,7,25,c3,2.5,14.6,27,8.3,0
fei3,2016,7,25,d0,0,15,26.7,8.2,0
fei3,2016,7,25,d1,1,14.7,26.8,8.2,0
fei3,2016,7,25,d5,5,14.3,27.4,8.3,0
fei3,2016,7,25,d10,10,11.4,30.4,8.2,0
fei4,2016,7,25,a0,0,15.4,26.7,8.2,0
fei4,2016,7,25,b0,0,15.1,26.6,8.3,0
fei4,2016,7,25,b1,1,14.9,26.7,8.3,0
fei4,2016,7,25,c0,0,15.2,26.6,8.3,0
fei4,2016,7,25,c1,1,15,26.7,8.3,0
fei4,2016,7,25,c3,3,14.5,27.1,8.4,0
fei4,2016,7,25,d0,0,15.1,26.6,8.3,0
fei4,2016,7,25,d1,1,14.8,26.7,8.3,0
fei4,2016,7,25,d5,5,13.3,28.4,8.3,0
fei4,2016,7,25,d10,10,11.4,,8.3,0
ssp,2016,8,2,a0,0,11,31.4,9.8,0
ssp,2016,8,2,b0,0,10.9,31.5,9.9,0
ssp,2016,8,2,b1,1,10.9,31.5,9.9,0
ssp,2016,8,2,c0,0,10.9,31.5,9.9,0
ssp,2016,8,2,c1,1,10.9,31.5,9.9,0
ssp,2016,8,2,c3,1,10.9,31.5,10,0
ssp,2016,8,2,d0,0,10.8,31.5,10,0
ssp,2016,8,2,d1,1,10.8,31.5,10,0
ssp,2016,8,2,d5,5,10.8,31.5,10.1,0
ssp,2016,8,2,d10,9.7,10.8,31.6,10.1,0
wfb,2016,8,2,a0,0,11.5,31.2,8.1,0
wfb,2016,8,2,b0,0,11.4,31.3,9.3,0
wfb,2016,8,2,b1,1,11.2,31.5,9.4,0
wfb,2016,8,2,c0,0,11.3,31.4,9.5,0
wfb,2016,8,2,c1,1,11.3,31.4,9.6,0
wfb,2016,8,2,c3,1.5,11,31.5,9.7,0
wfb,2016,8,2,d0,0,10.9,31.5,9.6,0
wfb,2016,8,2,d1,1,10.8,31.5,9.7,0
wfb,2016,8,2,d5,5,10.6,31.6,9.7,0
wfb,2016,8,2,d10,6.5,10.6,31.6,9.8,0
chp,2016,8,3,a0,0,10.6,32,10,4.5 bottom
chp,2016,8,3,b0,0,10.6,31.9,10.5,4.5 bottom
chp,2016,8,3,b1,1,10.5,31.9,10.6,4.5 bottom
chp,2016,8,3,c0,0,10.9,31.9,10.4,4.5 bottom
chp,2016,8,3,c1,1,10.6,31.9,10.6,4.5 bottom
chp,2016,8,3,c3,2.5,10.6,31.6,10.7,4.5 bottom
chp,2016,8,3,d0,0,10.9,31.9,10.5,4.5 bottom
chp,2016,8,3,d1,1,10.7,31.8,10.6,4.5 bottom
chp,2016,8,3,d5,4.5,10.5,31.8,9.9,4.5 bottom
chp,2016,8,3,d10,4.5,10.5,31.8,9.9,4.5 bottom
ppo,2016,8,3,a0,0,13.7,30.5,8.8,5
ppo,2016,8,3,b0,0,13.4,30.5,9.5,5
ppo,2016,8,3,b1,1,13.3,30.5,9.7,5
ppo,2016,8,3,c0,0,13.5,30.7,9.4,5
ppo,2016,8,3,c1,1,13,30.7,9.7,5
ppo,2016,8,3,c3,2.6,12.2,30.9,9.8,5
ppo,2016,8,3,d0,0,13.5,30.5,9.6,5
ppo,2016,8,3,d1,1,12.8,30.6,9.7,5
ppo,2016,8,3,d5,5,11,31.2,9.9,5
ppo,2016,8,3,d10,10,10.5,31.5,10.1,5
hdo,2016,8,4,a0,0,13.9,29.7,8.9,4
hdo,2016,8,4,b0,0,12.6,30.7,9.2,4
hdo,2016,8,4,b1,1,11.9,30.7,9.3,4
hdo,2016,8,4,c0,0,13.1,30.5,9.5,4
hdo,2016,8,4,c1,1,12.7,30.7,9.1,4
hdo,2016,8,4,c3,3,11.2,30.9,9.8,4
hdo,2016,8,4,d0,0,13.1,30.7,9.6,4
hdo,2016,8,4,d1,1,12.1,31,9.9,4
hdo,2016,8,4,d5,5,10.5,31.3,9.9,4
hdo,2016,8,4,d10,10,10.7,31.2,10,4
pba,2016,8,4,a0,0,13.7,30.1,7.5,3.3
pba,2016,8,4,b0,0,13.5,30.3,8.6,3.3
pba,2016,8,4,b1,1,13.5,30.3,9,3.3
pba,2016,8,4,c0,0,13.5,30.3,8.8,3.3
pba,2016,8,4,c1,1,13.4,30.4,8.9,3.3
pba,2016,8,4,c3,1.5,13.4,30.3,9,3.3
pba,2016,8,4,d0,0,13.4,30.5,9,3.3
pba,2016,8,4,d1,1,13.4,30.5,8.9,3.3
pba,2016,8,4,d5,5,11.2,31.2,9.2,3.3
pba,2016,8,4,d10,10,11.1,31.2,9.3,3.3
hab4,2016,8,5,a0,0,12.3,30.9,7.4,3
hab4,2016,8,5,b0,0,12.2,30.8,8.8,3
hab4,2016,8,5,b1,1,12.1,30.6,9,3
hab4,2016,8,5,c0,0,12,30.7,8.9,3
hab4,2016,8,5,c1,1,12,30.7,8.9,3
hab4,2016,8,5,c3,3,11.5,30.9,9,3
hab4,2016,8,5,d0,0,,,,3
hab4,2016,8,5,d1,1,,,,3
hab4,2016,8,5,d5,5,,,,3
hab4,2016,8,5,d10,10,,,,3
ssp,2016,9,17,a0,0,11.8,29.9,8.1,5.5
ssp,2016,9,17,b0,0,12.1,30.1,8.1,5.5
ssp,2016,9,17,b1,1,11.7,30.1,8.2,5.5
ssp,2016,9,17,c0,0,12.3,29.9,8.2,5.5
ssp,2016,9,17,c1,1,11.7,30.2,8.2,5.5
ssp,2016,9,17,c3,3,11.7,30.2,8.3,5.5
ssp,2016,9,17,d0,0,12,29.9,8.2,5.5
ssp,2016,9,17,d1,1,11.9,30.1,8.2,5.5
ssp,2016,9,17,d5,5,11.9,30.2,8.2,5.5
ssp,2016,9,17,d10,10,11.9,30.1,8.2,5.5
wfb,2016,9,17,a0,0,12,27.5,6.9,5.5
wfb,2016,9,17,b0,0,11.8,29.3,7.6,5.5
wfb,2016,9,17,b1,1,11.8,30,7.7,5.5
wfb,2016,9,17,c0,0,12,27.8,7.9,5.5
wfb,2016,9,17,c1,1,11.8,30,7.9,5.5
wfb,2016,9,17,c3,3,11.7,30.4,8,5.5
wfb,2016,9,17,d0,0,11.8,29.5,8,5.5
wfb,2016,9,17,d1,1,11.7,30.2,8,5.5
wfb,2016,9,17,d5,4.5,11.6,30.5,8.2,5.5
pba,2016,9,18,a0,0,12.1,28.6,7.8,6
pba,2016,9,18,b0,0,12.1,28.1,7.9,6
pba,2016,9,18,b1,1,12,29.3,7.9,6
pba,2016,9,18,c0,0,12.1,28.5,7.9,6
pba,2016,9,18,c1,1,12,28.9,7.9,6
pba,2016,9,18,c3,2.2,11.9,29.2,8,6
pba,2016,9,18,d0,0,12,28.7,7.9,6
pba,2016,9,18,d1,1,12,28.9,7.9,6
pba,2016,9,18,d5,5,11.7,30,8,6
pba,2016,9,18,d10,10,10.4,30.4,8,6
ppo,2016,9,18,a0,0,12.4,27.2,6.8,2
ppo,2016,9,18,b0,0,12.4,27.1,7.5,2
ppo,2016,9,18,b1,1,12.3,28.1,7.6,2
ppo,2016,9,18,c0,0,12.4,26.2,7.6,2
ppo,2016,9,18,c1,1,12.4,27,7.7,2
ppo,2016,9,18,c3,3,12,29.3,7.8,2
ppo,2016,9,18,d0,0,12.5,23.4,7.9,2
ppo,2016,9,18,d1,1,12.4,25.7,7.9,2
ppo,2016,9,18,d5,5,11.7,29.8,7.9,2
ppo,2016,9,18,d10,10,11.3,30.4,7.9,2
chp,2016,9,19,a0,0,11.4,30.6,6.4,7
chp,2016,9,19,b0,0,11.3,30.7,7.1,7
chp,2016,9,19,b1,1,11.3,30.7,7.5,7
chp,2016,9,19,c0,0,11.3,30.7,7.6,7
chp,2016,9,19,c1,1,11.3,30.3,7.7,7
chp,2016,9,19,c3,1.5,11.3,30.8,7.8,7
chp,2016,9,19,d0,0,11.7,30.7,7.8,7
chp,2016,9,19,d1,1,11.5,30.7,7.8,7
chp,2016,9,19,d5,5,11,31,7.9,7
chp,2016,9,19,d10,7,11,30.7,7.9,7
hdo,2016,9,19,a0,0,12,27.7,7.9,3
hdo,2016,9,19,b0,0,12,27.3,8,3
hdo,2016,9,19,b1,1,11.9,28.2,8,3
hdo,2016,9,19,c0,0,11.9,27.6,8,3
hdo,2016,9,19,c1,1,11.9,28.2,8,3
hdo,2016,9,19,c3,3,11.8,28.1,8,3
hdo,2016,9,19,d0,0,11.9,28.2,8,3
hdo,2016,9,19,d1,1,11.9,28.3,8.1,3
hdo,2016,9,19,d5,5,11.8,29,8.1,3
hdo,2016,9,19,d10,9,10.8,29,8.1,3
hdo,2016,11,15,a0,0,9.2,23,7.7,night sampling
hdo,2016,11,15,b0,0,9.1,22.5,7.7,night sampling
hdo,2016,11,15,b1,1,10.1,26.5,7.6,night sampling
hdo,2016,11,15,c0,0,9.3,23,7.6,night sampling
hdo,2016,11,15,c1,1,9.1,27.4,7.6,night sampling
hdo,2016,11,15,c3,3,10.3,29,7.6,night sampling
hdo,2016,11,15,d0,0,9,24.6,7.7,night sampling
hdo,2016,11,15,d1,1,9,24.7,7.7,night sampling
hdo,2016,11,15,d5,5,10.3,29.3,7.6,night sampling
hdo,2016,11,15,d10,5,10.3,29.3,7.6,night sampling
ppo,2016,11,15,a0,0,9.1,24.9,7.7,night sampling
ppo,2016,11,15,b0,0,9.2,25,7.8,night sampling
ppo,2016,11,15,b1,1,10,27.8,7.9,night sampling
ppo,2016,11,15,c0,0,9.2,24,7.8,night sampling
ppo,2016,11,15,c1,1,9.6,26.2,7.8,night sampling
ppo,2016,11,15,c3,3,10,28.2,7.7,night sampling
ppo,2016,11,15,d0,0,9,25,7.8,night sampling
ppo,2016,11,15,d1,1,9.3,25.4,7.7,night sampling
ppo,2016,11,15,d5,5,10.2,28.8,7.7,night sampling
ppo,2016,11,15,d10,10,10.4,29.4,7.7,night sampling
chp,2016,11,16,a0,0,10.4,30.6,7.7,night sampling
chp,2016,11,16,b0,0,10.6,30.6,7.7,night sampling
chp,2016,11,16,b1,1,10.6,30.6,7.7,night sampling
chp,2016,11,16,c0,0,10.6,30.6,7.7,night sampling
chp,2016,11,16,c1,1,10.6,30.6,7.7,night sampling
chp,2016,11,16,c3,1.5,10.6,30.5,7.7,night sampling
chp,2016,11,16,d0,0,10.5,30.6,7.7,night sampling
chp,2016,11,16,d1,1,10.6,30.6,7.7,night sampling
chp,2016,11,16,d5,3.5,10.7,30.8,7.7,night sampling
chp,2016,11,16,d10,3.5,10.7,30.8,7.7,night sampling
pba,2016,11,17,a0,0,9.5,26.4,7.9,night sampling
pba,2016,11,17,b0,0,9.4,26.9,7.8,night sampling
pba,2016,11,17,b1,1,9.5,27.5,7.8,night sampling
pba,2016,11,17,c0,0,9.8,27,7.7,night sampling
pba,2016,11,17,c1,1,9.7,27.7,7.7,night sampling
pba,2016,11,17,c3,2,9.9,28,7.7,night sampling
pba,2016,11,17,d0,0,9.2,26.5,7.5,night sampling
pba,2016,11,17,d1,1,9.1,26.8,7.7,night sampling
pba,2016,11,17,d5,5,9.9,28.1,7.6,night sampling
pba,2016,11,17,d10,10,10.1,28.5,7.6,night sampling
ssp,2016,11,18,a0,0,10.1,30.5,7.7,0
ssp,2016,11,18,b0,0,10.4,30.6,7.7,0
ssp,2016,11,18,b1,1,10.3,30.7,7.7,0
ssp,2016,11,18,c0,0,10.4,30.6,7.7,0
ssp,2016,11,18,c1,1,10.4,30.7,7.7,0
ssp,2016,11,18,c3,3,10.5,30.7,7.7,0
ssp,2016,11,18,d0,0,10.4,30.6,7.7,0
ssp,2016,11,18,d1,1,10.5,30.7,7.7,0
ssp,2016,11,18,d5,5,10.5,30.7,7.7,0
ssp,2016,11,18,d10,10,10.5,30.7,7.7,0
wfb,2016,11,18,a0,0,10.4,30.6,7.8,0
wfb,2016,11,18,b0,0,10.3,30.6,7.8,0
wfb,2016,11,18,b1,1,10.4,30.7,7.8,0
wfb,2016,11,18,c0,0,10.3,30.6,7.8,0
wfb,2016,11,18,c1,1,10.4,30.7,7.8,0
wfb,2016,11,18,c3,3,10.4,30.7,7.8,0
wfb,2016,11,18,d0,0,10.4,30.4,7.8,0
wfb,2016,11,18,d1,1,10.4,30.5,7.8,0
wfb,2016,11,18,d5,5,10.5,30.7,7.8,0
wfb,2016,11,18,d10,10,10.5,30.7,7.8,0
ssp,2017,3,30,a0,0,7.5,32.3,8.3,0
ssp,2017,3,30,b0,0,7.5,32.3,8.3,0
ssp,2017,3,30,b1,1,7.5,32.3,8.3,0
ssp,2017,3,30,c0,0,7.5,32.3,8.4,0
ssp,2017,3,30,c1,1,7.5,32.3,8.4,0
ssp,2017,3,30,c3,3,7.5,32.3,8.4,0
ssp,2017,3,30,d0,0,7.5,32.3,8.3,0
ssp,2017,3,30,d1,1,7.5,32.3,8.3,0
ssp,2017,3,30,d5,5,7.5,32.3,8.4,0
ssp,2017,3,30,d10,10,7.5,32.3,8.4,0
wfb,2017,3,30,a0,0,7.6,32.2,7.3,0
wfb,2017,3,30,b0,0,7.6,32.2,7.3,0
wfb,2017,3,30,b1,1,7.6,32.2,7.5,0
wfb,2017,3,30,c0,0,7.6,32.2,7.9,0
wfb,2017,3,30,c1,1,7.6,32.2,7.9,0
wfb,2017,3,30,c3,2,7.6,32.2,8,0
wfb,2017,3,30,d0,0,7.5,31.2,8.1,0
wfb,2017,3,30,d1,1,7.5,32.2,8.2,0
wfb,2017,3,30,d5,5,7.5,32.3,8.2,0
wfb,2017,3,30,d10,5,7.5,32.3,8.2,0
hdo,2017,3,31,a0,0,7.1,24.3,7.8,0
hdo,2017,3,31,b0,0,7.1,26,7.8,0
hdo,2017,3,31,b1,1,7.2,28,7.8,0
hdo,2017,3,31,c0,0,7.1,27.6,7.8,0
hdo,2017,3,31,c1,1,7.2,28.7,7.8,0
hdo,2017,3,31,c3,3,7.3,29.4,7.8,0
hdo,2017,3,31,d0,0,7.3,29.3,7.9,0
hdo,2017,3,31,d1,1,7.3,29.3,7.9,0
hdo,2017,3,31,d5,5,7.3,29.3,7.9,0
hdo,2017,3,31,d10,8,7.3,29.3,7.9,0
ppo,2017,3,31,a0,0,7.3,29.1,7.8,6.5
ppo,2017,3,31,b0,0,7.3,28.9,7.7,6.5
ppo,2017,3,31,b1,1,7.3,29.2,7.7,6.5
ppo,2017,3,31,c0,0,7.4,29.3,6.3,6.5
ppo,2017,3,31,c1,1,7.3,29.3,6.9,6.5
ppo,2017,3,31,c3,3,7.3,29.3,7.2,6.5
ppo,2017,3,31,d0,0,7.3,28.2,7.3,6.5
ppo,2017,3,31,d1,1,7.3,29.3,7.4,6.5
ppo,2017,3,31,d5,5,7.3,29.4,7.6,6.5
ppo,2017,3,31,d10,10,7.3,29.6,7.7,6.5
chp,2017,4,1,a0,0,7.8,31.2,7.9,>4
chp,2017,4,1,b0,0,7.8,31.1,7.9,>4
chp,2017,4,1,b1,1,7.8,31.1,7.9,>4
chp,2017,4,1,c0,0,7.8,31.1,7.9,>4
chp,2017,4,1,c1,1,7.8,31.1,7.9,>4
chp,2017,4,1,c3,2,,,,>4
chp,2017,4,1,d0,0,7.8,31.1,7.7,>4
chp,2017,4,1,d1,1,7.8,31.1,7.8,>4
chp,2017,4,1,d5,3,7.8,31.2,7.8,>4
chp,2017,4,1,d10,4,7.8,31.2,7.9,>4
pba,2017,4,1,a0,0,7.4,30,7.9,>2
pba,2017,4,1,b0,0,7.4,29.9,7.9,>2
pba,2017,4,1,b1,1,7.4,30.1,7.9,>2
pba,2017,4,1,c0,0,7.4,30,7.9,>2
pba,2017,4,1,c1,1,7.3,30,7.9,>2
pba,2017,4,1,c3,2,7.3,30.2,7.9,>2
pba,2017,4,1,d0,0,7.4,30,7.9,>2
pba,2017,4,1,d1,1,7.3,30.2,7.9,>2
pba,2017,4,1,d5,2,7.3,30.4,7.9,>2
pba,2017,4,1,d10,2,7.3,30.4,7.9,>2
pba,2017,5,24,a0,0,10.7,23.2,8,
pba,2017,5,24,b0,0,10.9,26.5,8,
pba,2017,5,24,b1,1,10.9,26.5,8,
pba,2017,5,24,c0,0,10.8,27.5,8,
pba,2017,5,24,c1,1,10.9,27.9,8,
pba,2017,5,24,c3,2,10.9,28.4,8,
pba,2017,5,24,d0,0,,,,
pba,2017,5,24,d1,1,,,,
pba,2017,5,24,d5,5,,,,
pba,2017,5,24,d10,10,,,,
ppo,2017,5,24,a0,0,10.3,27,6.4,
ppo,2017,5,24,b0,0,10.5,28.4,7.6,
ppo,2017,5,24,b1,1,10.5,29,7.7,
ppo,2017,5,24,c0,0,10.5,28.8,7.8,
ppo,2017,5,24,c1,1,10.5,29,7.9,
ppo,2017,5,24,c3,4.5,10.4,29.1,7.9,
ppo,2017,5,24,d0,0,,,,
ppo,2017,5,24,d1,1,,,,
ppo,2017,5,24,d5,5,,,,
ppo,2017,5,24,d10,10,,,,
chp,2017,5,25,a0,0,9.4,30.5,6.2,5.5
chp,2017,5,25,b0,0,9.4,30.4,7,5.5
chp,2017,5,25,b1,1,9.4,30.2,7.2,5.5
chp,2017,5,25,c0,0,9.3,30.4,7.5,5.5
chp,2017,5,25,c1,1,9.3,30.4,7.6,5.5
chp,2017,5,25,c3,2.8,9.4,30.3,7.6,5.5
chp,2017,5,25,d0,0,9.3,30.4,7.7,5.5
chp,2017,5,25,d1,1,9.3,30.4,7.8,5.5
chp,2017,5,25,d5,5,9.3,30.4,7.8,5.5
chp,2017,5,25,d10,6.3,9.3,30.4,7.8,5.5
hdo,2017,5,25,a0,0,10.5,29.3,7.7,4
hdo,2017,5,25,b0,0,10.5,29.3,7.9,4
hdo,2017,5,25,b1,1,10.5,29.4,7.9,4
hdo,2017,5,25,c0,0,10.6,28.5,7.9,4
hdo,2017,5,25,c1,1,10.5,29.3,7.9,4
hdo,2017,5,25,c3,3.5,10.1,29.6,8,4
hdo,2017,5,25,d0,0,10.5,29.2,8,4
hdo,2017,5,25,d1,1,10.4,29.5,8,4
hdo,2017,5,25,d5,5,10.1,29.6,8,4
hdo,2017,5,25,d10,10,9.9,29.7,8,4
ssp,2017,5,26,a0,0,9.4,31.4,7.7,10
ssp,2017,5,26,b0,0,9.3,31.5,7.8,10
ssp,2017,5,26,b1,1,9.2,31.4,7.8,10
ssp,2017,5,26,c0,0,9,31.7,7.8,10
ssp,2017,5,26,c1,1,9,31.7,7.8,10
ssp,2017,5,26,c3,2.5,9,31.7,7.9,10
ssp,2017,5,26,d0,0,9.2,31.4,7.8,10
ssp,2017,5,26,d1,1,9.1,31.5,7.9,10
ssp,2017,5,26,d5,5,9,31.6,7.9,10
ssp,2017,5,26,d10,10,8.1,31.7,7.9,10
wfb,2017,5,26,a0,0,,,,>6.3
wfb,2017,5,26,b0,0,9.5,30.2,7.5,>6.4
wfb,2017,5,26,b1,1,9.4,31.3,7.6,>6.5
wfb,2017,5,26,c0,0,9.7,31,6.6,>6.6
wfb,2017,5,26,c1,1,9.5,31.3,7,>6.7
wfb,2017,5,26,c3,2.4,9.3,31.3,7.5,>6.8
wfb,2017,5,26,d0,0,8.9,31.7,7.6,>6.9
wfb,2017,5,26,d1,1,8.9,31.7,7.7,>6.10
wfb,2017,5,26,d5,5,8.9,31.7,7.7,>6.11
wfb,2017,5,26,d10,6.3,8.9,31.7,7.8,>6.12
pba,2017,6,11,a0,0,13.3,23.3,8.1,5.3
pba,2017,6,11,b0,0,13.2,23.9,8.1,5.3
pba,2017,6,11,b1,1,12.6,26.2,8.1,5.3
pba,2017,6,11,c0,0,13.3,23.6,8.2,5.3
pba,2017,6,11,c1,1,12.4,26.2,8.1,5.3
pba,2017,6,11,c3,3,12.3,26.9,8.1,5.3
pba,2017,6,11,d0,0,13.4,21.7,8.1,5.3
pba,2017,6,11,d1,1,13,25.4,8.1,5.3
pba,2017,6,11,d5,5,11.8,27.6,8.1,5.3
pba,2017,6,11,d10,10,10.7,29.2,8.1,5.3
ppo,2017,6,11,a0,0,12,26.9,8.1,6.5
ppo,2017,6,11,b0,0,12.2,26.1,8,6.5
ppo,2017,6,11,b1,1,12.1,26.5,8,6.5
ppo,2017,6,11,c0,0,12,26.5,7.7,6.5
ppo,2017,6,11,c1,1,12,26.7,7.9,6.5
ppo,2017,6,11,c3,3,11.8,27.1,7.9,6.5
ppo,2017,6,11,d0,0,12,25.8,6.5,6.5
ppo,2017,6,11,d1,1,12,26.9,6.9,6.5
ppo,2017,6,11,d5,5,10.8,28.9,7.3,6.5
ppo,2017,6,11,d10,10,9.1,30.7,7.4,6.5
chp,2017,6,12,a0,0,11.2,29.5,6.3,6.5
chp,2017,6,12,b0,0,10.9,29.5,7.1,6.5
chp,2017,6,12,b1,1,10.7,29.5,7.9,6.5
chp,2017,6,12,c0,0,10.7,29.5,7.6,6.5
chp,2017,6,12,c1,1,10.7,29.5,7.7,6.5
chp,2017,6,12,c3,2,10.6,29.5,7.8,6.5
chp,2017,6,12,d0,0,10.5,29.4,7.8,6.5
chp,2017,6,12,d1,1,10.5,29.4,7.8,6.5
chp,2017,6,12,d5,5,9.8,30.5,7.8,6.5
chp,2017,6,12,d10,6.5,9.7,30.7,7.9,6.5
hdo,2017,6,12,a0,0,14.2,25.9,7.8,5
hdo,2017,6,12,b0,0,14.4,25.6,8,5
hdo,2017,6,12,b1,1,12.5,26.7,8,5
hdo,2017,6,12,c0,0,13.1,26.1,8,5
hdo,2017,6,12,c1,1,12.1,26.8,8.1,5
hdo,2017,6,12,c3,3,11.4,28.1,8.1,5
hdo,2017,6,12,d0,0,12.6,26.4,8.1,5
hdo,2017,6,12,d1,1,12.2,26.8,8.1,5
hdo,2017,6,12,d5,5,11,28.7,8.1,5
ssp,2017,6,13,a0,0,11.4,28.7,7.9,3.3
ssp,2017,6,13,b0,0,10.9,29.4,7.9,3.3
ssp,2017,6,13,b1,1,10.8,29.3,8,3.3
ssp,2017,6,13,c0,0,11.8,27.2,8,3.3
ssp,2017,6,13,c1,1,11.5,27.2,8.1,3.3
ssp,2017,6,13,c3,3,11.2,28.4,8.1,3.3
ssp,2017,6,13,d0,0,11.8,25.8,8.2,3.3
ssp,2017,6,13,d1,1,11.4,27.6,8.2,3.3
ssp,2017,6,13,d5,5,11,28.4,8.2,3.3
ssp,2017,6,13,d10,8,10,30.2,8.1,3.3
wfb,2017,6,13,a0,0,11.3,29,6.3,5.5
wfb,2017,6,13,b0,0,11.1,29.4,6.7,5.5
wfb,2017,6,13,b1,1,11.1,29.2,7.1,5.5
wfb,2017,6,13,c0,0,11.2,20,7.3,5.5
wfb,2017,6,13,c1,1,11,29.2,7.7,5.5
wfb,2017,6,13,c3,2,11,29.3,7.7,5.5
wfb,2017,6,13,d0,0,10.9,29.3,7.8,5.5
wfb,2017,6,13,d1,1,10.9,29.2,7.8,5.5
wfb,2017,6,13,d5,5,10.1,30.2,7.9,5.5
wfb,2017,6,13,d10,6,9.9,30.3,7.9,5.5
ssp,2017,7,8,a0,0,11.9,29.7,7.8,4.5
ssp,2017,7,8,b0,0,11.8,29.7,7.9,4.5
ssp,2017,7,8,b1,1,11.8,29.8,8,4.5
ssp,2017,7,8,c0,0,11.6,29.6,7.9,4.5
ssp,2017,7,8,c1,1,11.4,29.6,8,4.5
ssp,2017,7,8,c3,1.5,11.3,29.6,8,4.5
ssp,2017,7,8,d0,0,11.5,29.9,8,4.5
ssp,2017,7,8,d1,1,11.5,30,8,4.5
ssp,2017,7,8,d5,5,11.5,30,8.1,4.5
ssp,2017,7,8,d10,10,11.4,30.1,8.1,4.5
wfb,2017,7,8,a0,0,12,29.6,6.8,4.4
wfb,2017,7,8,b0,0,11.9,29.6,6.6,4.4
wfb,2017,7,8,b1,1,11.7,29.8,7.1,4.4
wfb,2017,7,8,c0,0,11.5,29.8,7.3,4.4
wfb,2017,7,8,c1,1,11.4,29.9,7.5,4.4
wfb,2017,7,8,c3,2,11.3,29.5,7.6,4.4
wfb,2017,7,8,d0,0,11.7,30,7.6,4.4
wfb,2017,7,8,d1,1,11.5,30,7.7,4.4
wfb,2017,7,8,d5,5,10.5,30.7,7.8,4.4
wfb,2017,7,8,d10,6,10.5,30.7,7.9,4.4
pba,2017,7,9,a0,0,14,27,8.2,3
pba,2017,7,9,b0,0,13.9,27.1,8.3,3
pba,2017,7,9,b1,1,13.9,27.2,8.3,3
pba,2017,7,9,c0,0,14,26.8,8.1,3
pba,2017,7,9,c1,0,13.9,27.2,8.2,3
pba,2017,7,9,c3,1,12.7,28.8,8.2,3
pba,2017,7,9,d0,3,13.9,27.1,8.1,3
pba,2017,7,9,d1,1,13.9,27.3,8.2,3
pba,2017,7,9,d5,5,10.9,30.2,8.2,3
pba,2017,7,9,d10,7,10.7,30.3,8.1,3
ppo,2017,7,9,a0,0,14.1,26.3,8.1,5
ppo,2017,7,9,b0,0,14.1,26.1,8.1,5
ppo,2017,7,9,b1,1,13.7,27.2,8.1,5
ppo,2017,7,9,c0,0,14.2,26.2,7.8,5
ppo,2017,7,9,c1,1,13.6,27.6,7.9,5
ppo,2017,7,9,c3,3,12,29.5,7.9,5
ppo,2017,7,9,d0,0,14.3,26.1,5.9,5
ppo,2017,7,9,d1,1,13.8,27.1,6.4,5
ppo,2017,7,9,d5,5,11,30.1,6.8,5
ppo,2017,7,9,d10,10,10.1,30.7,6.9,5
chp,2017,7,10,a0,0,11.9,30.2,6.5,4
chp,2017,7,10,b0,0,11.6,30.2,7.3,4
chp,2017,7,10,b1,1,11.6,30.1,7.5,4
chp,2017,7,10,c0,0,11.6,30,7.6,4
chp,2017,7,10,c1,1,11.5,30.2,7.7,4
chp,2017,7,10,c3,1.2,11.5,30.2,7.7,4
chp,2017,7,10,d0,0,12.1,30,7.7,4
chp,2017,7,10,d1,1,11.8,30.1,7.8,4
chp,2017,7,10,d5,5,10.7,30.1,7.9,4
hdo,2017,7,10,a0,0,12.7,28.3,7.9,6.5
hdo,2017,7,10,b0,0,13.1,27.4,8.2,6.5
hdo,2017,7,10,b1,1,12.8,28.5,8.2,6.5
hdo,2017,7,10,c0,0,13,27.1,8.2,6.5
hdo,2017,7,10,c1,1,12.5,28.5,8.2,6.5
hdo,2017,7,10,c3,3,11.6,29.3,8.2,6.5
hdo,2017,7,10,d0,0,12.9,28.3,8.2,6.5
hdo,2017,7,10,d1,1,12.7,28.4,8.2,6.5
hdo,2017,7,10,d5,5,11.5,29.3,8.3,6.5
hdo,2017,7,10,d10,7.5,11.1,29.5,8.3,6.5
hab4,2017,7,20,a0,0,14.8,26,5.8,6.5
hab4,2017,7,20,b0,0,14.8,26.7,6.7,6.5
hab4,2017,7,20,b1,1,14.8,26.8,7.2,6.5
hab4,2017,7,20,c0,0,15,26.8,7.6,6.5
hab4,2017,7,20,c1,1,14.7,27.4,7.7,6.5
hab4,2017,7,20,c3,4.1,13.9,28.2,7.8,6.5
hab4,2017,7,20,d0,0,16,26.7,8,6.5
hab4,2017,7,20,d1,1,14.3,27.5,8,6.5
hab4,2017,7,20,d5,5,13.7,28.6,8.1,6.5
hab4,2017,7,20,d10,10,11.6,30.2,8.1,6.5
hab2,2017,7,21,a0,0,13.6,29.5,6.4,5.5
hab2,2017,7,21,b0,0,13.7,29.9,6.9,5.5
hab2,2017,7,21,b1,1,13.5,30.2,7.1,5.5
hab2,2017,7,21,c0,0,13.4,30.3,7.7,5.5
hab2,2017,7,21,c1,1,13.2,30.3,7.7,5.5
hab2,2017,7,21,c3,2,12.9,30.5,7.8,5.5
hab2,2017,7,21,d0,0,12.8,30.3,7.8,5.5
hab2,2017,7,21,d1,1,12.8,30.3,7.9,5.5
hab2,2017,7,21,d5,5,12.3,30.7,7.9,5.5
hab2,2017,7,21,d10,10,11.8,31,8,5.5
fei3,2017,7,22,a0,0,15,17.8,6.3,5.5
fei3,2017,7,22,b0,0,15.2,24.5,6.7,5.5
fei3,2017,7,22,b1,1,15.2,25,7.3,5.5
fei3,2017,7,22,c0,0,15.2,24.4,7.5,5.5
fei3,2017,7,22,c1,1,15,25.3,7.7,5.5
fei3,2017,7,22,c3,2,14.7,26,7.8,5.5
fei3,2017,7,22,d0,0,15.1,24.7,7.9,5.5
fei3,2017,7,22,d1,1,15.1,24.8,8,5.5
fei3,2017,7,22,d5,5,13.1,28.5,8,5.5
fei3,2017,7,22,d10,10,10.2,30.2,7.9,5.5
fei4,2017,7,22,a0,0,14.9,25,7.9,6
fei4,2017,7,22,b0,0,14.9,25,8,6
fei4,2017,7,22,b1,1,14.9,25.3,8.1,6
fei4,2017,7,22,c0,0,14.9,25.4,8.1,6
fei4,2017,7,22,c1,1,14.9,25.6,8.1,6
fei4,2017,7,22,c3,2,14.7,26.1,8.1,6
fei4,2017,7,22,d0,0,14.9,25.3,8.2,6
fei4,2017,7,22,d1,1,14.9,25.5,8.2,6
fei4,2017,7,22,d5,5,13.4,27.7,8.2,6
fei4,2017,7,22,d10,10,10.3,30.2,8.1,6
kis1,2017,7,24,a0,0,14.5,30,6,5.5
kis1,2017,7,24,b0,0,14.7,30,6.2,5.5
kis1,2017,7,24,b1,1,14.5,30,6.4,5.5
kis1,2017,7,24,c0,0,14.5,30,6.8,5.5
kis1,2017,7,24,c1,1,14.5,30,6.8,5.5
kis1,2017,7,24,c3,2,14.5,30,6.9,5.5
kis1,2017,7,24,d0,0,14.5,30.1,7.2,5.5
kis1,2017,7,24,d1,1,14.5,30.1,7.2,5.5
kis1,2017,7,24,d5,5,14.5,30.1,7.2,5.5
kis1,2017,7,24,d10,10,14.3,30.2,7.3,5.5
kis2,2017,7,24,a0,0,15.1,30,7.3,5.5
kis2,2017,7,24,b0,0,15.1,30,7.4,5.5
kis2,2017,7,24,b1,1,15,30,7.4,5.5
kis2,2017,7,24,c0,0,15,30,7.4,5.5
kis2,2017,7,24,c1,1,15,30,7.4,5.5
kis2,2017,7,24,c3,2,14.7,30.1,7.4,5.5
kis2,2017,7,24,d0,0,15,30,7.4,5.5
kis2,2017,7,24,d1,1,14.9,30,7.4,5.5
kis2,2017,7,24,d5,5,14.5,30.2,7.5,5.5
kis2,2017,7,24,d10,10,14.3,30.2,7.5,5.5
ris1,2017,7,25,a0,0,15.2,21.7,7.9,5.5
ris1,2017,7,25,b0,0,15.2,21.8,8.1,5.5
ris1,2017,7,25,b1,1,14.8,21.9,8.1,5.5
ris1,2017,7,25,c0,0,14.8,21.9,8,5.5
ris1,2017,7,25,c1,1,14.7,22,8.1,5.5
ris1,2017,7,25,c3,2,12,27.7,8.1,5.5
ris1,2017,7,25,d0,0,14.7,22,8.1,5.5
ris1,2017,7,25,d1,1,14.5,22.1,8.1,5.5
ris1,2017,7,25,d5,5,11.5,28.7,8,5.5
ris1,2017,7,25,d10,10,9.6,30.2,8,5.5
ris3,2017,7,25,a0,0,13.7,22.3,7.3,4.5
ris3,2017,7,25,b0,0,14.1,23.2,7.4,4.5
ris3,2017,7,25,b1,1,13.7,27.1,7.4,4.5
ris3,2017,7,25,c0,0,13.9,24.5,7.5,4.5
ris3,2017,7,25,c1,1,13.7,27.5,7.7,4.5
ris3,2017,7,25,c3,2,12.4,29,7.8,4.5
ris3,2017,7,25,d0,0,14.6,23.3,7.9,4.5
ris3,2017,7,25,d1,1,13.9,27,7.9,4.5
ris3,2017,7,25,d5,5,11.3,29.7,7.9,4.5
ris3,2017,7,25,d10,10,10.1,30.2,7.8,4.5
gog1,2017,7,26,a0,0,15.4,31.6,7.9,3.5
gog1,2017,7,26,b0,0,15.2,31.6,8,3.5
gog1,2017,7,26,b1,1,15.2,31.3,8,3.5
gog1,2017,7,26,c0,0,15.3,31.6,8,3.5
gog1,2017,7,26,c1,1,15.2,31.6,8,3.5
gog1,2017,7,26,c3,1.5,15.2,31.5,8,3.5
gog1,2017,7,26,d0,0,15.3,31.6,8,3.5
gog1,2017,7,26,d1,1,15.3,31.6,8,3.5
gog1,2017,7,26,d5,3.5,15.2,31.5,8,3.5
gog4,2017,7,26,a0,0,15.6,31.5,6.2,5
gog4,2017,7,26,b0,0,15.5,31.6,7.1,5
gog4,2017,7,26,b1,1,15.3,31.6,7.2,5
gog4,2017,7,26,c0,0,15.6,31.6,7.3,5
gog4,2017,7,26,c1,1,15.2,31.6,7.4,5
gog4,2017,7,26,c3,1.5,14.6,31.7,7.5,5
gog4,2017,7,26,d0,0,15.2,31.6,7.6,5
gog4,2017,7,26,d1,1,15.1,31.6,7.7,5
gog4,2017,7,26,d5,5,13.7,31.8,7.8,5
gog4,2017,7,26,d10,6,13.5,31.8,7.8,5
koe1,2017,7,27,b0,0,15.7,16.3,7.4,4.5
koe1,2017,7,27,b1,1,14,19.3,7.5,4.5
koe1,2017,7,27,c0,0,15.7,16.3,7.7,4.5
koe1,2017,7,27,c1,1,13.5,27.1,7.6,4.5
koe1,2017,7,27,c3,2,13.2,28.1,7.6,4.5
koe1,2017,7,27,d0,0,15.6,17,7.8,4.5
koe1,2017,7,27,d1,1,13.9,24,7.7,4.5
koe1,2017,7,27,d5,5,12.6,29.2,7.8,4.5
koe3,2017,7,27,b0,0,15.2,18.5,5.7,4.5
koe3,2017,7,27,b1,1,15.1,19.3,5.9,4.5
koe3,2017,7,27,c0,0,15.1,18.9,6.3,4.5
koe3,2017,7,27,c1,1,15.1,20.3,6.4,4.5
koe3,2017,7,27,c3,3,14.8,21.4,6.8,4.5
koe3,2017,7,27,d0,0,15.2,6.6,7.2,4.5
koe3,2017,7,27,d1,1,16.2,18.9,7.2,4.5
koe3,2017,7,27,d5,5,12.4,29.5,7.2,4.5
koe3,2017,7,27,d10,10,10.9,30.3,7.8,4.5
fan1,2017,7,28,a0,0,15.7,30.7,8,6
fan1,2017,7,28,b0,0,15.7,30.7,8,6
fan1,2017,7,28,b1,1,15.7,30.6,8,6
fan1,2017,7,28,c0,0,16,30.8,8,6
fan1,2017,7,28,c1,1,15.7,30.7,8,6
fan1,2017,7,28,c3,1.3,15.7,30.7,8,6
fan1,2017,7,28,d0,0,15.3,30.6,8,6
fan1,2017,7,28,d1,1,15.2,30.6,8,6
fan1,2017,7,28,d5,5,13.9,30.9,8,6
fan1,2017,7,28,d10,6.5,12.5,31.3,8,6
fan3,2017,7,28,a0,0,17.1,30.9,8,8
fan3,2017,7,28,b0,0,16.6,30.9,8.1,8
fan3,2017,7,28,b1,1,15.5,30.9,8.1,8
fan3,2017,7,28,c0,0,16.6,30.7,8,8
fan3,2017,7,28,c1,1,15.6,30.7,8,8
fan3,2017,7,28,c3,2.3,15.1,29.9,8.1,8
fan3,2017,7,28,d0,0,15,30.9,8.1,8
fan3,2017,7,28,d1,1,14.8,30.9,8.1,8
fan3,2017,7,28,d5,4,14.2,31,8.1,8
hdo,2017,8,23,a0,0,13.8,29.5,8,0
hdo,2017,8,23,b0,0,13.7,29.1,7.9,0
hdo,2017,8,23,b1,1,13.7,30.4,8,0
hdo,2017,8,23,c0,0,13.8,27.3,8,0
hdo,2017,8,23,c1,1,13.6,30.2,8,0
hdo,2017,8,23,c3,2.5,13.2,31.6,8,0
hdo,2017,8,23,d0,0,13.3,30.5,7.9,0
hdo,2017,8,23,d1,1,13.5,30.9,8,0
hdo,2017,8,23,d5,5,12.4,32.3,8,0
hdo,2017,8,23,d10,8,12,32.5,8,0
ppo,2017,8,23,a0,0,13.4,28.5,6.1,whoops
ppo,2017,8,23,b0,0,13.5,29.3,6.7,0
ppo,2017,8,23,b1,1,13.5,30,7,0
ppo,2017,8,23,c0,0,13.5,29.4,7.5,0
ppo,2017,8,23,c1,1,13.5,29.5,7.6,0
ppo,2017,8,23,c3,3,13.5,30.6,7.7,0
ppo,2017,8,23,d0,0,13.3,29.3,7.8,0
ppo,2017,8,23,d1,1,13.4,29.5,7.8,0
ppo,2017,8,23,d5,5,13.2,31.6,7.9,0
ppo,2017,8,23,d10,10,11.8,32.7,7.9,0
chp,2017,8,24,a0,0,12.7,31.4,7.4,0
chp,2017,8,24,b0,0,12.7,30.1,7.5,0
chp,2017,8,24,b1,1,12.7,31.4,7.6,0
chp,2017,8,24,c0,0,12.7,31.4,7.6,0
chp,2017,8,24,c1,1,12.7,31.4,7.7,0
chp,2017,8,24,c3,1.5,12.7,31.4,7.7,0
chp,2017,8,24,d0,0,13.1,31.4,7.6,0
chp,2017,8,24,d1,1,13,31.4,7.2,0
chp,2017,8,24,d5,3,13,31.4,7.7,0
chp,2017,8,24,d10,3,,,,0
pba,2017,8,24,a0,0,13.5,26.9,5.6,0
pba,2017,8,24,b0,0,13.5,26,6.3,0
pba,2017,8,24,b1,1,13.4,28.6,6.4,0
pba,2017,8,24,c0,0,13.5,26.3,6.8,0
pba,2017,8,24,c1,1,13.5,28.7,6.9,0
pba,2017,8,24,c3,2,13.3,29.4,6.9,0
pba,2017,8,24,d0,0,13.8,27.2,7.2,0
pba,2017,8,24,d1,1,13.7,28,7.3,0
pba,2017,8,24,d5,5,12.6,30.3,7.4,0
pba,2017,8,24,d10,10,11.9,30.9,7.5,0
ssp,2017,8,25,a0,0,13,30.8,7.7,0
ssp,2017,8,25,b0,0,13,30.4,7.7,0
ssp,2017,8,25,b1,1,13,30.6,7.8,0
ssp,2017,8,25,c0,0,12.9,30.9,7.7,0
ssp,2017,8,25,c1,1,12.9,30.9,7.8,0
ssp,2017,8,25,c3,1.7,12.9,30.9,7.8,0
ssp,2017,8,25,d0,0,13,30.9,7.9,0
ssp,2017,8,25,d1,1,13,30.9,7.9,0
ssp,2017,8,25,d5,5,13.1,30.9,7.9,0
ssp,2017,8,25,d10,10,13.1,30.9,7.9,0
wfb,2017,8,25,a0,0,13.2,30.8,5.1,0
wfb,2017,8,25,b0,0,13.1,30.8,6.3,0
wfb,2017,8,25,b1,1,13.1,30.9,6.5,0
wfb,2017,8,25,c0,0,13.2,30.8,6.7,0
wfb,2017,8,25,c1,1,13.2,30.9,7.1,0
wfb,2017,8,25,c3,3,13,30.9,7.2,0
wfb,2017,8,25,d0,0,13.1,30.8,7.4,0
wfb,2017,8,25,d1,1,13.1,30.8,7.5,0
wfb,2017,8,25,d5,5,13.1,30.9,7.6,0
wfb,2017,8,25,d10,6.3,13.1,30.9,7.7,0
hdo,2018,3,19,a0,0,6.9,32.1,7.41,na
hdo,2018,3,19,b0,0,6.9,32.57,7.71,na
hdo,2018,3,19,b1,1,6.9,32.85,7.74,na
hdo,2018,3,19,c0,0,6.9,31.43,7.81,na
hdo,2018,3,19,c1,1,6.8,32.87,7.83,na
hdo,2018,3,19,c3,2,6.8,32.92,7.84,na
hdo,2018,3,19,d0,0,6.9,31.18,7.86,na
hdo,2018,3,19,d1,1,6.8,32.86,7.89,na
hdo,2018,3,19,d5,5,6.8,32.44,7.87,na
ppo,2018,3,19,a0,0,6.6,30.75,7.95,na
ppo,2018,3,19,b0,0,6.7,31.9,7.98,na
ppo,2018,3,19,b1,1,6.9,32.62,7.99,na
ppo,2018,3,19,c0,0,6.9,31.9,8,na
ppo,2018,3,19,c1,1,6.8,32.55,8,na
ppo,2018,3,19,c3,2,6.9,32.76,7.99,na
ppo,2018,3,19,d0,0,6.9,32.59,8.01,na
ppo,2018,3,19,d1,1,6.9,32.72,8.01,na
ppo,2018,3,19,d5,5,6.9,32.85,7.96,na
ppo,2018,3,19,d10,10,6.7,33.01,7.91,na
chp,2018,3,20,a0,0,7.4,31.31,6.59,na
chp,2018,3,20,b0,0,7.3,28.63,7.61,na
chp,2018,3,20,b1,1,7.3,31.3,7.73,na
chp,2018,3,20,c0,0,7.3,31.28,7.79,na
chp,2018,3,20,c1,1,7.3,31.28,7.81,na
chp,2018,3,20,c3,2,7.3,31.28,7.82,na
chp,2018,3,20,d0,0,7.3,31.24,7.82,na
chp,2018,3,20,d1,1,7.3,31.3,7.83,na
chp,2018,3,20,d5,5,7.3,31.31,7.84,na
pba,2018,3,20,a0,0,6.9,30.11,7.94,na
pba,2018,3,20,b0,0,6.9,30.07,7.95,na
pba,2018,3,20,b1,1,7.6,30.28,7.97,na
pba,2018,3,20,c0,0,7,30.15,7.99,na
pba,2018,3,20,c1,1,7,30.28,8,na
pba,2018,3,20,c3,2,7.1,30.3,7.99,na
pba,2018,3,20,d0,0,7,30.26,7.99,na
pba,2018,3,20,d1,1,7,30.3,8.03,na
pba,2018,3,20,d5,5,7,30.6,7.93,na
pba,2018,3,20,d10,10,6.9,30.08,7.79,na
wfb,2018,3,21,a0,0,7.4,31.23,7.5,na
wfb,2018,3,21,b0,0,7.4,31.32,7.68,na
wfb,2018,3,21,b1,1,7.4,31.32,7.7,na
wfb,2018,3,21,c0,0,7.5,31.35,7.74,na
wfb,2018,3,21,c1,1,7.4,31.36,7.75,na
wfb,2018,3,21,d0,0,7.5,31.2,7.78,na
wfb,2018,3,21,d1,1,7.5,31.33,7.78,na
wfb,2018,3,21,d5,5,7.4,31.4,7.8,na
wfb,2018,3,21,d10,10,7.4,31.4,7.79,na
ssp,2018,3,21,a0,0,7.5,31.24,7.81,na
ssp,2018,3,21,b0,0,7.5,31.08,7.81,na
ssp,2018,3,21,b1,1,7.5,31.28,7.82,na
ssp,2018,3,21,c0,0,7.5,31.44,7.81,na
ssp,2018,3,21,c1,1,7.5,31.46,7.81,na
ssp,2018,3,21,c3,3,7.5,31.46,7.81,na
ssp,2018,3,21,d0,0,7.4,31.38,7.79,na
ssp,2018,3,21,d1,1,7.4,31.41,7.79,na
ssp,2018,3,21,d5,5,7.4,31.43,7.79,na
ssp,2018,3,21,d10,10,7.4,31.43,7.78,na
chp,2018,5,29,a0,0,10.4,29.46,7.52,na
chp,2018,5,29,b0,0,10.4,29.7,7.82,na
chp,2018,5,29,b1,1,10.4,29.82,7.85,na
chp,2018,5,29,c0,0,10.5,30.83,7.95,na
chp,2018,5,29,c1,1,10.5,30.78,7.96,na
chp,2018,5,29,d0,0,10.5,30.88,8.01,na
chp,2018,5,29,d1,1,10.5,30.9,8.01,na
chp,2018,5,29,d5,3.5,10.5,30.97,7.98,na
ppo,2018,5,29,a0,0,10.6,29.3,8.07,na
ppo,2018,5,29,b0,0,10.6,29.38,8.08,5.5
ppo,2018,5,29,b1,1,10.7,29.51,8.08,5.5
ppo,2018,5,29,c0,0,10.7,29.58,8.09,5.5
ppo,2018,5,29,c1,1,10.7,29.64,8.09,5.5
ppo,2018,5,29,c3,3,10.6,30.09,8.07,5.5
ppo,2018,5,29,d0,0,10.8,,8.09,5.5
ppo,2018,5,29,d1,1,10.7,,8.09,5.5
ppo,2018,5,29,d5,5,10.4,,8.06,5.5
ppo,2018,5,29,d10,10,10.1,,8.02,5.5
hdo,2018,5,30,a0,0,11.5,29.04,8.15,4
hdo,2018,5,30,b0,0,11.5,29.09,8.14,4
hdo,2018,5,30,b1,1,11.5,29.13,8.15,4
hdo,2018,5,30,c0,0,11.6,28.81,8.15,4
hdo,2018,5,30,c1,1,11.5,29.07,8.16,4
hdo,2018,5,30,c3,3,11.5,29.13,8.15,4
hdo,2018,5,30,d0,0,11.5,28.97,8.17,4
hdo,2018,5,30,d1,1,11.6,29,8.17,4
hdo,2018,5,30,d5,5,11.5,29.09,8.16,4
hdo,2018,5,30,d10,10,11.4,29.26,8.15,4
pba,2018,5,30,a0,0,11.6,29.81,7.25,4.5
pba,2018,5,30,b0,0,11.5,29.56,7.64,4.5
pba,2018,5,30,b1,1,11.4,29.95,7.82,4.5
pba,2018,5,30,c0,0,11.3,29.68,7.94,4.5
pba,2018,5,30,c1,1,11.3,30.01,7.94,4.5
pba,2018,5,30,c3,3,11.2,30.24,7.92,4.5
pba,2018,5,30,d0,0,11.8,29.6,8.02,4.5
pba,2018,5,30,d1,1,11.4,30.11,8,4.5
pba,2018,5,30,d5,5,10.3,30.56,7.98,4.5
pba,2018,5,30,d10,10,10,30.72,7.91,4.5
ssp,2018,5,31,a0,0,10.8,29.52,8.02,na
ssp,2018,5,31,b0,0,10.8,29.45,8.04,na
ssp,2018,5,31,b1,1,10.8,29.59,8.04,na
ssp,2018,5,31,c0,0,10.8,29.58,8.05,na
ssp,2018,5,31,c1,1,10.8,29.61,8.05,na
ssp,2018,5,31,c3,3,10.7,29.66,8.07,na
ssp,2018,5,31,d0,0,10.7,29.63,8.03,na
ssp,2018,5,31,d1,1,10.6,29.78,8.03,na
ssp,2018,5,31,d5,5,10.4,30.03,8,na
ssp,2018,5,31,d10,10,10.3,30.29,7.89,na
wfb,2018,5,31,a0,0,10.9,30.09,7.71,na
wfb,2018,5,31,b0,0,10.7,30.23,7.86,na
wfb,2018,5,31,b1,1,10.6,30.25,7.88,na
wfb,2018,5,31,c0,0,10.5,30.31,7.92,na
wfb,2018,5,31,c1,1,10.3,30.35,7.9,na
wfb,2018,5,31,c3,2,10.3,30.37,7.91,na
wfb,2018,5,31,d0,0,10.5,30.17,7.94,na
wfb,2018,5,31,d1,1,10.4,30.33,7.93,na
wfb,2018,5,31,d5,4,10.2,30.49,7.93,na
chp,2018,7,10,a0,0,13.1,28.85,8.01,2.5
chp,2018,7,10,b0,0,12.8,29.28,8.03,2.5
chp,2018,7,10,b1,1,12.6,29.61,8.01,2.5
chp,2018,7,10,c0,0,13,28.19,8.07,2.5
chp,2018,7,10,c1,1,12.2,30.01,8,2.5
chp,2018,7,10,c3,2,12.1,30.15,7.99,2.5
chp,2018,7,10,d0,0,13.4,24.29,8.13,2.5
chp,2018,7,10,d1,1,13,29.71,8.09,2.5
chp,2018,7,10,d5,2.5,12.8,29.82,8.09,2.5
pba,2018,7,10,a0,0,17.7,21.16,8.13,5
pba,2018,7,10,b0,0,17.6,21.94,8.17,5
pba,2018,7,10,b1,1,15.3,25.98,7.91,5
pba,2018,7,10,c0,0,17.9,21.32,8.26,5
pba,2018,7,10,c1,1,14.6,27.34,8.19,5
pba,2018,7,10,c3,3,14.3,27.48,8.16,5
pba,2018,7,10,d0,0,17.8,21.88,8.36,5
pba,2018,7,10,d1,1,16.3,24.59,8.33,5
pba,2018,7,10,d5,5,12.3,29.75,8.2,5
pba,2018,7,10,d10,10,10.5,30.88,7.84,5
hab4,2018,7,11,a0,0,15.9,22.58,8.24,5
hab4,2018,7,11,b0,0,15.9,23.68,8.31,5
hab4,2018,7,11,b1,1,15.5,24.7,8.22,5
hab4,2018,7,11,c0,0,15.8,23.34,8.37,5
hab4,2018,7,11,c1,1,15,25.49,8.21,5
hab4,2018,7,11,c3,3,12.7,29.29,8.19,5
hab4,2018,7,11,d0,0,15.8,23.84,8.39,5
hab4,2018,7,11,d1,1,13.9,27.72,8.32,5
hab4,2018,7,11,d5,5,12.1,29.41,8.21,5
hab4,2018,7,11,d10,10,10.6,31.35,7.9,5
hdo,2018,7,11,a0,0,15.3,25.8,8.27,4.5
hdo,2018,7,11,b0,0,15.3,25.82,8.28,4.5
hdo,2018,7,11,b1,1,13.5,28.79,8.29,4.5
hdo,2018,7,11,c0,0,14.4,28.49,8.3,4.5
hdo,2018,7,11,c1,1,13.3,28.76,8.3,4.5
hdo,2018,7,11,c3,3,12.5,29.87,8.19,4.5
hdo,2018,7,11,d0,0,15.8,24.4,8.31,4.5
hdo,2018,7,11,d1,1,15.5,26.09,8.32,4.5
hdo,2018,7,11,d5,5,12.7,29.55,8.26,4.5
hdo,2018,7,11,d10,10,12.4,29.74,8.24,4.5
ppo,2018,7,11,a0,0,16,24.02,8.21,6
ppo,2018,7,11,b0,0,15.8,24.92,8.27,6
ppo,2018,7,11,b1,1,15.7,25.67,8.24,6
ppo,2018,7,11,c0,0,16.2,24.04,8.32,6
ppo,2018,7,11,c1,1,15.8,25.95,8.3,6
ppo,2018,7,11,c3,3,12.9,29.29,8.27,6
ppo,2018,7,11,d0,0,16.1,25.24,8.37,6
ppo,2018,7,11,d1,1,15.8,25.88,8.34,6
ppo,2018,7,11,d5,5,11.5,30.37,8.11,6
ppo,2018,7,11,d10,10,10.8,31.08,7.96,6
hab2,2018,7,12,a0,0,15.3,25.8,8.27,bottom
hab2,2018,7,12,b0,0,15.3,25.82,8.28,bottom
hab2,2018,7,12,b1,1,13.5,28.79,8.29,bottom
hab2,2018,7,12,c0,0,14.4,28.49,8.3,bottom
hab2,2018,7,12,c1,1,13.3,28.76,8.3,bottom
hab2,2018,7,12,c3,3,12.5,29.87,8.19,bottom
hab2,2018,7,12,d0,0,15.8,24.4,8.31,bottom
hab2,2018,7,12,d1,1,15.5,26.09,8.32,bottom
hab2,2018,7,12,d5,5,12.7,29.55,8.26,bottom
hab2,2018,7,12,d10,7,12.4,29.74,8.24,bottom
ssp,2018,7,12,a0,0,12.1,30.09,8.14,bottom
ssp,2018,7,12,b0,0,12.2,30.14,8.18,bottom
ssp,2018,7,12,b1,1,12.2,30.21,8.14,bottom
ssp,2018,7,12,c0,0,12.2,30.21,8.17,bottom
ssp,2018,7,12,c1,1,11.7,30.01,8.16,bottom
ssp,2018,7,12,c3,2,11.7,30.31,8.14,bottom
ssp,2018,7,12,d0,0,12,30.06,8.18,bottom
ssp,2018,7,12,d1,1,12,30.08,8.17,bottom
ssp,2018,7,12,d5,5,11.8,30.3,8.14,bottom
ssp,2018,7,12,d10,10,11.3,30.7,8.07,bottom
wfb,2018,7,12,a0,0,12.9,29.92,8.11,bottom
wfb,2018,7,12,b0,0,12.9,30.1,8.13,bottom
wfb,2018,7,12,b1,1,12.9,30.26,8.16,bottom
wfb,2018,7,12,c0,0,12.9,30.25,8.15,bottom
wfb,2018,7,12,c1,1,12.9,30.29,8.15,bottom
wfb,2018,7,12,c3,2,12.5,30.97,8.06,bottom
wfb,2018,7,12,d0,0,12.7,30.37,8.17,bottom
wfb,2018,7,12,d1,1,12.6,30.41,8.14,bottom
wfb,2018,7,12,d5,4,12.4,30.96,8.08,bottom
kis1,2018,7,13,a0,0,14.3,29.58,7.95,7
kis1,2018,7,13,b0,0,14.3,30.19,8.08,7
kis1,2018,7,13,b1,1,14.3,30.22,8.1,7
kis1,2018,7,13,c0,0,14.2,30.22,8.12,7
kis1,2018,7,13,c1,1,14.3,30.28,8.12,7
kis1,2018,7,13,c3,3,14.3,30.3,8.13,7
kis1,2018,7,13,d0,0,14.3,30.32,8.14,7
kis1,2018,7,13,d1,1,14.3,30.33,8.14,7
kis1,2018,7,13,d5,5,13.2,30.89,8.05,7
kis1,2018,7,13,d10,10,11.9,31.33,7.98,7
kis2,2018,7,13,a0,0,13.5,30.65,7.84,6.5
kis2,2018,7,13,b0,0,13.7,30.67,8.08,6.5
kis2,2018,7,13,b1,1,13.7,30.65,8.04,6.5
kis2,2018,7,13,c0,0,13.8,30.65,8.11,6.5
kis2,2018,7,13,c1,1,13.8,30.64,8.12,6.5
kis2,2018,7,13,c3,3,13.8,30.65,8.1,6.5
kis2,2018,7,13,d0,0,14.2,30.5,8.15,6.5
kis2,2018,7,13,d1,1,14,30.55,8.15,6.5
kis2,2018,7,13,d5,5,12.7,31.14,8.07,6.5
kis2,2018,7,13,d10,10,11.5,31.45,7.97,6.5
gog1,2018,7,14,a0,0,14.1,31.45,8.12,bottom
gog1,2018,7,14,b0,0,13.9,31.43,8.07,bottom
gog1,2018,7,14,b1,1,13.9,31.44,8.08,bottom
gog1,2018,7,14,c0,0,13.9,31.22,8.04,bottom
gog1,2018,7,14,c1,1,13.9,31.44,8.07,bottom
gog1,2018,7,14,d0,0,13.7,31.41,8.01,bottom
gog1,2018,7,14,d1,1,13.7,31.43,8.01,bottom
gog1,2018,7,14,d5,5,13.7,31.44,8.04,bottom
gog4,2018,7,14,a0,0,12.8,31.29,7.89,bottom
gog4,2018,7,14,b0,0,12.8,31.32,7.9,bottom
gog4,2018,7,14,b1,1,12.9,31.34,7.9,bottom
gog4,2018,7,14,c0,0,12.9,31.34,7.92,bottom
gog4,2018,7,14,c1,1,12.8,31.38,7.9,bottom
gog4,2018,7,14,d0,0,12.9,31.32,7.95,bottom
gog4,2018,7,14,d1,1,12.9,31.34,7.95,bottom
gog4,2018,7,14,d5,4,12,31.49,7.92,bottom
fan1,2018,7,15,a0,0,12.6,31.39,7.91,7.5
fan1,2018,7,15,b0,0,12.4,31.53,7.9,7.5
fan1,2018,7,15,b1,1,12.3,31.45,7.9,7.5
fan1,2018,7,15,c0,0,12.5,31.45,7.88,7.5
fan1,2018,7,15,c1,1,12.4,31.43,7.89,7.5
fan1,2018,7,15,c3,2,11.9,31.5,7.86,7.5
fan1,2018,7,15,d0,0,12.5,31.54,7.96,7.5
fan1,2018,7,15,d1,1,12.4,31.38,7.97,7.5
fan1,2018,7,15,d5,5,12.2,31.41,7.99,7.5
fan1,2018,7,15,d10,8,10.5,31.72,7.89,7.5
fan3,2018,7,15,a0,0,13.7,31.79,8.12,5
fan3,2018,7,15,b0,0,12.9,31.34,8.04,5
fan3,2018,7,15,b1,1,12.8,31.4,8.1,5
fan3,2018,7,15,c0,0,12.9,31.34,8.04,5
fan3,2018,7,15,c1,1,12.8,31.4,8.1,5
fan3,2018,7,15,d0,0,12.5,31.47,7.95,5
fan3,2018,7,15,d1,1,12.3,31.44,7.95,5
fan3,2018,7,15,d5,5,11.7,31.5,7.99,5
sni1,2018,7,16,a0,0,14.3,24.75,8.12,3
sni1,2018,7,16,b0,0,13.7,25.68,8.26,3
sni1,2018,7,16,b1,1,13.5,25.66,8.27,3
sni1,2018,7,16,c0,0,14.13,25.31,8.31,3
sni1,2018,7,16,c1,1,13.4,26.02,8.29,3
sni1,2018,7,16,c3,2.5,12,28.16,8.14,3
sni1,2018,7,16,d0,0,13.9,25.15,8.35,3
sni1,2018,7,16,d1,1,13.5,25.95,8.3,3
sni1,2018,7,16,d5,5,10,30.1,8.03,3
sni1,2018,7,16,d10,10,9.5,30.41,7.9,3
sni2,2018,7,16,a0,0,16.9,22.82,8.33,3.5
sni2,2018,7,16,b0,0,16.3,23.18,8.35,3.5
sni2,2018,7,16,b1,1,15.16,23.35,8.35,3.5
sni2,2018,7,16,c0,0,15.6,23.61,8.35,3.5
sni2,2018,7,16,c1,1,15.2,23.77,8.36,3.5
sni2,2018,7,16,c3,4,14.15,24.98,8.33,3.5
sni2,2018,7,16,d0,0,14.9,23.96,8.36,3.5
sni2,2018,7,16,d1,1,14.5,24.33,8.36,3.5
sni2,2018,7,16,d5,5,11.9,28.93,8.35,3.5
sni2,2018,7,16,d10,10,9.7,30.41,7.91,3.5
fei3,2018,7,17,a0,0,15.6,28.89,8.29,3
fei3,2018,7,17,b0,0,15.2,28.1,8.28,3
fei3,2018,7,17,b1,1,14.8,29.24,8.27,3
fei3,2018,7,17,c0,0,15.3,29.17,8.27,3
fei3,2018,7,17,c1,1,14.8,29.17,8.24,3
fei3,2018,7,17,c3,1.5,14.1,29.4,8.16,3
fei3,2018,7,17,d0,0,15.5,29.3,8.3,3
fei3,2018,7,17,d1,1,15,29.28,8.31,3
fei3,2018,7,17,d5,3,13.4,29.6,8.31,3
fei4,2018,7,17,a0,0,14.5,26.6,8.08,4.5
fei4,2018,7,17,b0,0,14.5,28.75,8.21,4.5
fei4,2018,7,17,b1,1,14.3,26.67,8.26,4.5
fei4,2018,7,17,c0,0,14.6,28.63,8.72,4.5
fei4,2018,7,17,c1,1,14,29.14,8.28,4.5
fei4,2018,7,17,c3,2.5,13.3,29.46,8.2,4.5
fei4,2018,7,17,d0,0,15.3,30.17,8.32,4.5
fei4,2018,7,17,d1,1,14.3,29.2,8.3,4.5
fei4,2018,7,17,d5,5,11,30.25,8.16,4.5
fei4,2018,7,17,d10,10,10,30.77,7.93,4.5
koe1,2018,7,18,a0,0,17.5,21.99,8.14,3
koe1,2018,7,18,b0,0,17.1,21.31,8.14,3
koe1,2018,7,18,b1,1,17,21.76,8.15,3
koe1,2018,7,18,c0,0,17,21.5,8.15,3
koe1,2018,7,18,c1,1,17,22.73,8.18,3
koe1,2018,7,18,c3,2.5,16.4,23.33,8.21,3
koe1,2018,7,18,d0,0,17.9,21.38,8.17,3
koe1,2018,7,18,d1,1,16.6,22.78,8.19,3
koe1,2018,7,18,d5,3,16.3,26.23,8.29,3
koe3,2018,7,18,a0,0,16.4,22.15,7.93,4.5
koe3,2018,7,18,b0,0,16.5,21.71,7.98,4.5
koe3,2018,7,18,b1,1,15.1,25.21,8.1,4.5
koe3,2018,7,18,c0,0,16.4,21.91,8.64,4.5
koe3,2018,7,18,c1,1,15.2,25.38,8.13,4.5
koe3,2018,7,18,c3,1.5,15,25.48,8.19,4.5
koe3,2018,7,18,d0,0,16.7,21.31,8.14,4.5
koe3,2018,7,18,d1,1,16.3,24.82,8.33,4.5
koe3,2018,7,18,d5,5,12,29.56,8.13,4.5
koe3,2018,7,18,d10,10,9.8,31.34,7.84,4.5
ris1,2018,7,19,a0,0,14.8,24.03,8.24,3.5
ris1,2018,7,19,b0,0,15,25.04,8.24,3.5
ris1,2018,7,19,b1,1,14.9,25.19,8.26,3.5
ris1,2018,7,19,c0,0,14.7,24.52,8.24,3.5
ris1,2018,7,19,c1,1,15,25.34,8.22,3.5
ris1,2018,7,19,c3,2,14.6,25.36,8.29,3.5
ris1,2018,7,19,d0,0,14.9,25.26,8.22,3.5
ris1,2018,7,19,d1,1,15,25.27,8.21,3.5
ris1,2018,7,19,d5,3.5,11,30.3,8,3.5
ris3,2018,7,19,a0,0,13.3,27.96,7.91,3
ris3,2018,7,19,b0,0,14.1,26.31,8.15,3
ris3,2018,7,19,b1,1,13.7,28.5,8.16,3
ris3,2018,7,19,c0,0,13.9,28.28,8.15,3
ris3,2018,7,19,c1,1,13.5,28.71,8.15,3
ris3,2018,7,19,c3,3,10.9,30.8,8.22,3
ris3,2018,7,19,d0,0,13.9,22.11,8.14,3
ris3,2018,7,19,d1,1,12.8,29.18,8.14,3
ris3,2018,7,19,d5,5,10.3,31.12,8.02,3
ris3,2018,7,19,d10,8,9.8,31.37,7.77,3
hdo,2018,8,23,a0,0,14.3,26.45,8.33,3.5
hdo,2018,8,23,b0,0,14.5,26.93,8.24,3.5
hdo,2018,8,23,b1,1,14.7,27.04,8.23,3.5
hdo,2018,8,23,c0,0,14.6,26.99,8.29,3.5
hdo,2018,8,23,c1,1,14.5,26.95,8.31,3.5
hdo,2018,8,23,c3,3,14.8,27.07,8.3,3.5
hdo,2018,8,23,d0,0,14.5,25.91,8.38,3.5
hdo,2018,8,23,d1,1,14.5,26.69,8.36,3.5
hdo,2018,8,23,d5,4,14.9,28.03,8.16,3.5
ppo,2018,8,23,a0,0,14.8,20.94,8.22,4
ppo,2018,8,23,b0,0,14.6,26.75,8.23,4
ppo,2018,8,23,b1,1,15,27.4,8.16,4
ppo,2018,8,23,c0,0,14.8,26.65,8,4
ppo,2018,8,23,c1,1,15.1,27.51,8.05,4
ppo,2018,8,23,c3,3,14.9,29.79,8.04,4
ppo,2018,8,23,d0,0,14.9,27,8.28,4
ppo,2018,8,23,d1,1,15,27.02,8.28,4
ppo,2018,8,23,d5,5,14,30.93,8.07,4
ppo,2018,8,23,d10,10,12.3,31.77,7.96,4
chp,2018,8,25,a0,0,10.8,32.43,7.76,
chp,2018,8,25,b0,0,10.7,32.29,7.83,
chp,2018,8,25,b1,1,10.7,32.3,7.83,
chp,2018,8,25,c0,0,10.7,32.29,7.82,
chp,2018,8,25,c1,1,10.6,32.53,7.8,
chp,2018,8,25,d0,0,10.6,32.38,7.85,
chp,2018,8,25,d1,1,10.5,32.54,7.84,
chp,2018,8,25,d5,3.5,9.9,32.96,7.75,
pba,2018,8,25,a0,0,14.7,28.71,8.01,
pba,2018,8,25,b0,0,14.8,28.64,8.1,
pba,2018,8,25,b1,1,14,29.83,7.91,
pba,2018,8,25,c0,0,15.6,27.92,8.1,
pba,2018,8,25,c1,1,13.9,29.68,7.91,
pba,2018,8,25,c3,2,12.5,31.02,7.9,
pba,2018,8,25,d0,0,15,28.08,8.2,
pba,2018,8,25,d1,1,14.7,28.63,8.18,
pba,2018,8,25,d5,5,11,31.62,7.88,
pba,2018,8,25,d10,10,10.5,31.88,7.75,
ssp,2018,8,24,a0,0,11.4,31.04,8.01,
ssp,2018,8,24,b0,0,11.5,31.04,8.02,
ssp,2018,8,24,b1,1,11.4,31.16,8,
ssp,2018,8,24,c0,0,11.5,31.12,7.97,
ssp,2018,8,24,c1,1,11.1,31.55,7.92,
ssp,2018,8,24,c3,3,11,31.86,7.87,
ssp,2018,8,24,d0,0,11.3,31.28,7.97,
ssp,2018,8,24,d1,1,11,31.96,7.92,
ssp,2018,8,24,d5,5,10.7,32.16,7.89,
ssp,2018,8,24,d10,10,10.2,32.67,7.82,
wfb,2018,8,24,a0,0,10.2,31.76,7.89,5.5
wfb,2018,8,24,b0,0,11.3,31.96,7.92,5.5
wfb,2018,8,24,b1,1,11.2,32.12,7.9,5.5
wfb,2018,8,24,c0,0,11.3,31.53,7.94,5.5
wfb,2018,8,24,c1,1,10.7,32.96,7.82,5.5
wfb,2018,8,24,c3,3,10.1,32.81,7.78,5.5
wfb,2018,8,24,d0,0,12.1,29.96,8.06,5.5
wfb,2018,8,24,d1,1,11.6,31.33,7.98,5.5
wfb,2018,8,24,d5,5,10.5,32.55,7.81,5.5
