id,replicate,species,oral.gape.position,eye.size,mouth.length,eye.position,pec.fin.position,pec.fin.AR,caudal.fin.AR,caudal.ped.throttling,fin.SA.ratio,fl_tl
Acipenser_medirostris,1,y,0.066757644,0.008245727,0.013180568,0.664758603,0.067392306,3.797201034,2.258389971,5.495729677,1.254301966,1.062991815
Acipenser_transmontanus,1,y,0.096678459,0.014192056,0.013366463,0.528834497,0.164199084,4.64792558,2.127318185,4.581536854,0.961260992,1.12016038
Agonopsis_emmelane,1,y,0.29272439,0.057911731,0.062232951,0.765868293,0.482155357,1.368410173,1.028242002,3.248856926,3.882145778,1
Agonus_acipenserinus,1,y,0.05072329,0.063447567,0.06546292,0.6666876,0.610797411,1.265379379,1.011861688,3.963856483,2.996872513,1
Alepisaurus_ferox,1,y,0.379902967,0.028929052,0.107284546,0.681521858,0.20080285,5.801933486,2.009228784,5.276595745,1.046968794,1.072683516
Allocyttus,1,n,0.658187755,0.156868084,0.125577678,0.796602174,0.550818744,1.791698885,1.100134073,3.032834453,1.907622791,1
Allolumpenus_hypochromus,1,y,0.328697761,0.039037392,0.059572564,0.671682836,0.400047332,3.646294261,0.849071517,2.041770833,1.211637249,1
Allosmerus_elongatus,1,y,0.740496511,0.052951325,0.11740736,0.675635503,0.327890755,3.566573849,1.68562615,2.564231501,0.753402539,1.075084503
Alopias_vulpinus,1,y,0.271785928,0.027666309,0.064000293,0.555488565,0.150803861,3.903432951,1.540705379,4.491631199,0.441188755,1.943918
Alosa_sapidissima,1,y,0.587997854,0.052612751,0.118694276,0.738197425,0.174162775,3.52823923,1.689117762,2.564733333,0.535849682,1.088092625
Ammodytes_hexapterus,1,y,0.61361209,0.027006203,0.059994004,0.742495171,0.355199527,4.788489905,1.555255683,3.766725178,1.055045328,1.035793141
Amphistichus_koelzi,1,y,0.460255593,0.06928037,0.093941598,0.625015802,0.361057164,2.984312705,1.826023325,2.201077574,0.840016008,1.079292058
Amphistichus_rhodoterus,1,y,0.488628729,0.076643458,0.097780373,0.636379261,0.395548735,2.838021112,1.444732436,2.030089109,1.003814499,1.075114721
Anarrhichthys_ocellatus,1,y,0.533520962,0.011530304,0.027232616,0.769607912,0.422234661,1.596311555,6.28E-10,1,0.003628075,1
Anoplagonus_inermis,1,y,0.71218,0.025668328,0.045337531,0.656048,0.578647852,1.194956342,0.930759449,3.327789572,2.04475827,1
Anoplarchus_insignis,1,y,0.498448926,0.015390905,0.051862541,0.678014378,0.416682292,2.215967226,1.161599491,2.537492537,0.570168388,1
Anoplarchus_insignis,2,y,0.505454407,0.016506855,0.049414435,0.694536866,0.438430424,2.081994328,1.288083205,2.380391317,0.630051196,1
Anoplarchus_purpurescens,1,y,0.378768749,0.036478216,0.07493669,0.676733498,0.351376674,2.012341501,1.25906551,1.702939652,0.801003624,1
Anoplopoma_fimbria,1,y,0.416666667,0.031647449,0.088951997,0.733380556,0.52,2.976789196,1.769403134,4.136526029,0.605225931,1.023307703
Anotopterus_pharao,1,y,0.856290222,0.027132967,0.160665803,0.676738327,0.259602904,7.678825411,1.30086405,5.43375,0.206684698,1.035411247
Antimora_microlepis,1,y,0.602863755,0.049898557,0.13107394,0.780154653,0.502069942,4.029983355,1.054934476,3.213333333,0.724982518,1
Apodichthys_flavidus,1,y,0.474215517,0.019315098,0.027449237,0.706896552,0.395201571,1.834343003,1.55018848,2.357117269,0.431616302,1
Apristurus_brunneus,1,y,0.187856134,0.009409931,0.03010397,0.692478067,0.072787677,2.656595371,0.625429126,2.601785967,0.600493768,0.998007702
Aprodon_cortezianus,1,y,0.395940335,0.051827335,0.078950778,0.789749786,0.369828914,1.458952678,6.28E-10,1,0.020006847,1
Aptocyclus_ventricosus,1,y,0.671428571,0.055424434,0.046287453,0.86,0.466346839,0.870504621,1.137202706,1.351216464,3.980495713,1.055945381
Argyropelecus_lychnus_lychnus,1,y,0.759921979,0.12546952,0.260980393,0.807916256,0.233022451,4.612529271,2.308949003,2.350866082,0.871654031,1.0605394
Aristostomias_scintillans,1,y,0.489021647,0.055671066,0.256572245,0.718943932,0.183666508,16.79785856,1.631612381,2.760005818,1.645500375,1.017787916
Artedius_fenestralis,1,y,0.422582894,0.07016451,0.142642818,0.830995363,0.533696239,1.68636573,1.231336802,2.63095,2.531196547,1
Artedius_harringtoni,1,y,0.387519725,0.097177318,0.154265178,0.80640575,0.462874803,1.556216836,1.12613137,2.337665145,2.158036327,1
Artedius_lateralis,1,y,0.403602149,0.06055561,0.141998922,0.825600301,0.476616176,1.78943766,1.13777731,3.014017646,2.243412385,1
Artedius_meanyi,1,y,0.318596706,0.098126555,0.130230739,0.733312964,0.45269736,1.809622795,0.961621048,2.371024194,2.369796418,1
Aseclichthys_rhodorus,1,y,0.445315693,0.065824664,0.129679933,0.788355839,0.634306815,1.392856883,1.022609973,2.647727273,1.483940912,1
Asemichthys_taylori,1,y,0.478300207,0.067777993,0.095328111,0.782608696,0.564614035,2.23063143,1.150446722,2.955562189,3.285022737,1
Asterotheca_alascana,1,y,0.389312977,0.072757612,0.050025765,0.664165394,0.519938235,1.994164964,1.053777834,3.566822222,4.510353714,1
Asterotheca_infraspinata,1,y,0.435286436,0.061989321,0.052401065,0.711752146,0.550291005,1.742168516,1.101639553,3.533966667,4.187178063,1
Asterotheca_pentacanthus,1,y,0.366459627,0.068891036,0.054001155,0.664624224,0.637755102,1.75492905,1.127036769,3.669943021,3.898928585,1
Asterotheca_pentacanthus,2,y,0.333462963,0.065626096,0.054515981,0.66692284,0.661757938,1.702696983,1.145263462,3.56,3.736040701,1
Atherinops_affinis_affinis,1,y,0.588259358,0.060712668,0.062727235,0.695208556,0.645339574,4.082069473,1.246237581,2.807959194,0.675911779,1.07567616
Aulorhynchus_flavidus,1,y,0.697040404,0.040898516,0.149354902,0.616242424,0.556499963,3.088364955,1.046605145,4.701100282,2.003888856,1.020225973
Avocettina_gilli,1,y,0.563182527,0.005981314,0.051049575,0.563182527,0.58271237,2.754388212,6.28E-10,1,0.00026122,1
Bathophilus_flemingi,1,y,0.521912319,0.018357298,0.127177667,0.659520661,0.514868333,2.290525854,2.127906612,2.756428433,11.41274399,1.021423093
Bathyagonus_nigripinnis,1,y,0.645429078,0.065395187,0.051927059,0.730531915,0.522341667,2.417921683,1.2525676,4.312614583,2.689637029,1
Bathylagus_milleri,1,y,0.601620679,0.090755296,0.059784925,0.658527365,0.274228732,2.900342021,1.527601894,2.890922727,0.542172406,1.049878298
Bathylagus_ochotensis,1,y,0.497774207,0.071825317,0.043687682,0.668080666,0.337659528,5.243103062,1.260067809,2.154613971,0.566123571,1.057155685
Bathylagus_pacificus,1,y,0.530098226,0.097404479,0.049341266,0.642535881,0.180621564,3.585167363,1.881378287,2.750011364,0.760942545,1.048085226
Bathymaster_signatus,1,y,0.514631607,0.063254273,0.103594317,0.767200056,0.503447087,1.305178683,1.152617055,1.9839625,2.61480427,1
Benthalbella_dentata,1,y,0.582159624,0.059762942,0.168596586,0.788732394,0.362410982,7.074060082,0.881393949,2.156348958,0.105554356,1.07262961
Benthodesmus_simonyi,1,y,0.718792969,0.024881137,0.056340588,0.718792969,0.463417503,3.533466893,2.487076803,9.151269895,2.110002384,1.016198855
Blepsias_bilobus,1,y,0.686497903,0.062102409,0.134858175,0.756764426,0.541984978,1.409979854,1.312132111,2.489130435,3.141563194,1
Blepsias_cirrhosus,1,y,0.426470588,0.074128418,0.11469626,0.757352941,0.461970852,1.727232358,1.335429383,3.958016304,2.382109154,1
Bothragonus_swani,1,y,0.412867755,0.057198084,0.063519548,0.750003968,0.461988971,1.876302181,1.174671988,1.683542269,2.524086579,1
Bothrocara_brunneum,1,y,0.514929101,0.026393614,0.078434975,0.735724165,0.373368534,3.264350151,6.28E-10,1,0.008701026,1
Bothrocara_molle,1,y,0.234095225,0.042487582,0.03602366,0.683116325,0.598766547,4.534607412,6.28E-10,1,0.006613021,1
Bothrocara_remigerum,1,y,0.319746626,0.037411988,0.070767096,0.807290003,0.405399271,3.275768083,6.28E-10,1,0.017814982,1
Brachyistius_frenatus,1,y,0.668478261,0.069288346,0.068454701,0.576112319,0.39897188,2.580303673,1.440192662,2.026965123,0.732275317,1.056784675
Brama_japonica,1,y,0.486357354,0.077404751,0.114515701,0.568236803,0.400974546,4.225679511,0.865300835,3.079529101,1.072430229,1.178555999
Brosmophycis_marginata,1,y,0.546568449,0.019484217,0.087175206,0.842136906,0.57526335,1.213237423,1.095337323,2.323176042,5.672565087,1
Bryozoichthys_marjorius,1,y,0.493870791,0.037808639,0.054315922,0.724971487,0.476668284,1.805437925,1.042291199,1.960171174,2.047191693,1
Carcharodon_carcharias,1,y,0.296488676,0.014295966,0.065555215,0.723565805,0.322752831,4.199503487,3.155963563,6.100154908,1.547881777,1.100856793
Careproctus_gilberti,1,y,0.338088716,0.090938661,0.099934613,0.670924705,0.43657702,2.14692832,6.28E-10,1,0.024527091,1
Careproctus_melanurus,1,y,0.458528375,0.029572302,0.061417822,0.758062267,0.345297018,2.235325888,6.28E-10,1,0.023743053,1
Careproctus_ovigerum,1,y,0.345235922,0.05130687,0.0980241,0.686470808,0.419433011,0.761114663,0.439738562,1.811613064,10.87224401,1
Caristius_macropus,1,y,0.363027608,0.091242658,0.173073802,0.523981028,0.457258846,2.991676379,1.46707508,2.134374661,0.677114166,1.032297376
Caulolatilus_princeps,1,y,0.548414307,0.073975032,0.081302967,0.800009032,0.41062306,3.818409624,1.249260182,2.868013981,0.680050612,1.054486083
Ceratoscopelus_townsendi,1,y,0.487620448,0.09970775,0.2450463,0.699629338,0.490147225,5.500206708,1.040577386,2.135570968,0.526917844,1.103047629
Cetorhinus_maximus,1,y,0.408173053,0.007211121,0.058755258,0.549242588,0.07056488,3.21488156,3.167228948,6.562045758,0.681100465,1.092901357
Chaenophryne_parviconus,1,y,0.429619158,0.036825028,0.346815726,0.620527858,0.6774942,0.654714011,0.885937802,1.876325069,0.234588413,1
Chauliodus_macouni,1,y,0.390119222,0.029390422,0.150624317,0.560517244,0.052021129,3.685393327,1.0659139,3.565478261,0.748499198,1.030005644
Chirolophis_decoratus,1,y,0.652765272,0.02868582,0.071746867,0.837939998,0.508892214,1.58141259,1.250622849,1.692179897,2.494878508,1
Chirolophis_nugator,1,y,0.316665917,0.027084377,0.03759309,0.55000725,0.583548223,1.409361931,1.48897754,2.545397731,1.952612682,1
Chitonotus_pugetensis,1,y,0.300138636,0.098655539,0.168187073,0.818181818,0.541923014,1.707563376,1.187218699,3.117519231,2.358311781,1
Chitonotus_pugetensis,2,y,0.296530923,0.087709743,0.160996634,0.765472587,0.578925362,1.702676038,0.114611301,0.305682779,2.543421687,1.003138402
Clevelandia_ios,1,y,0.57532933,0.055837508,0.08675432,0.794621127,0.594312381,1.97302492,0.909547698,2.401829279,0.563193565,1
Clinocottus_acuticeps,1,y,0.331288344,0.067972023,0.080576729,0.730087935,0.515147613,1.649346147,1.236364164,3.105672639,3.470248755,1
Clinocottus_embryum,1,y,0.292709887,0.074513885,0.088193352,0.772171266,0.564320678,2.51368565,1.197471236,2.616786025,2.788228295,1
Clinocottus_globiceps,1,y,0.340420703,0.050899416,0.080747463,0.819293343,0.630572959,1.943385712,1.268035698,2.586806562,1.970226547,1
Clupea_harengus_pallasi,1,y,0.681266393,0.059487149,0.11174982,0.681266393,0.202630437,3.686158651,2.711058457,3.04167354,0.506811819,1.083005919
Cololabis_saira,1,y,0.671267123,0.032559736,0.044697343,0.698763699,0.603135324,2.414595161,1.79525066,4.198973584,0.911823093,1.04540209
Coryphaenoides_acrolepis,1,y,0.320901824,0.057734275,0.048919215,0.757030403,0.525689591,4.934765088,6.28E-10,1,0.00426053,1
Coryphaenoides_cyclolepis,1,y,0.344430105,0.02822039,0.057843588,0.755840171,0.538249007,2.450842784,6.28E-10,1,0.006562535,1
Coryphaenoides_filifera,1,y,0.46412665,0.044567445,0.066190085,0.75265083,0.500317099,4.267407801,6.28E-10,1,0.00724422,1
Coryphaenoides_liocephalus,1,y,0.326049994,0.032947952,0.067435195,0.723678826,0.611738921,4.319302027,6.28E-10,1,0.008852358,1
Coryphaenoides_pectoralis,1,y,0.346972752,0.044290593,0.067456943,0.685934918,0.505673678,5.342185843,6.28E-10,1,0.00547508,1
Coryphopterus_nicholsi,1,y,0.524143008,0.070036757,0.105633624,0.802093285,0.600831818,2.294812565,0.968174674,1.937345805,0.968564925,1
Cyclothone_microdon,1,y,0.815051631,0.019930831,0.081160432,0.781581623,0.350233331,6.458646237,1.024413291,2.389965951,0.415630382,1.047747758
Cymatogaster_aggregata,1,y,0.632784253,0.076730211,0.081635595,0.653081389,0.380409761,3.041937267,1.244695509,2.167190476,0.775389671,1.087538832
Cymatogaster_aggregata,2,y,0.609911776,0.068401908,0.086900376,0.609954328,0.367860918,1.584161184,0.928796566,1.505648352,0.765090046,1.082428341
Cymatogaster_aggregata,3,y,0.607254469,0.074438404,0.058646434,0.496171335,0.327967213,4.351957326,1.60813088,2.229558277,0.452830189,1.078228832
Cymatogaster_aggregata,4,y,0.526355263,0.065764956,0.06445658,0.585671053,0.395942187,3.882553103,0.509790601,1.220435359,0.674676124,1.077443068
Cymatogaster_aggregata,5,y,0.522152907,0.075352304,0.074152876,0.774283249,0.437216263,4.04906242,2.183676194,2.77285686,0.757152399,1.109490918
Cymatogaster_aggregata,6,y,0.208149275,0.053049085,0.073347413,0.272357697,0.392148258,2.549131358,1.316254437,1.947440665,1.047557285,1.081269967
Cymatogaster_aggregata,7,y,0.508699321,0.053271484,0.086349169,0.635934845,0.396163603,3.581691786,0.732430443,1.44095181,0.858956276,1.091697282
Cymatogaster_aggregata,8,y,0.622809211,0.070025926,0.098123858,0.614032895,0.352694965,3.572516751,0.992130991,1.504489664,1.304347826,1.092287117
Cynoscion_nobilis,1,y,0.479140464,0.037371439,0.095316215,0.713578164,0.418613,4.130053653,1.784533101,3.442581383,0.466694562,1.007521225
Cyprinus_carpio,1,y,0.513656734,0.078725425,0.088141656,0.641318669,0.308439886,2.047559084,1.832131738,2.338237028,0.579124045,1.08379633
Dasycottus_setiger,1,y,0.62207796,0.077967301,0.179620304,0.779104131,0.477801406,0.931146319,0.955351117,3.093794803,2.725961709,1
Delolepis_gigantea,1,y,0.814577146,0.020601495,0.067301963,0.867529561,0.39021535,2.770606199,0.877557038,2.50008,0.576398736,1
Derepodichthys_alepidotus,1,y,0.437083666,0.023991841,0.041935084,0.723243627,0.414678953,5.280709239,6.28E-10,1,0.001097879,1
Diaphus_theta,1,y,0.175918401,0.099496757,0.216261072,0.556976951,0.156657003,6.96442759,1.020602102,1.833474747,0.199052885,1.083255604
Dolichopteryx,1,y,0.466582237,0.055639702,0.215453646,1,0.738023047,3.2369703,0.936010947,1.885857247,5.829743992,1.059845093
Embiotoca_lateralis,1,y,0.600018823,0.074368232,0.074010162,0.629400658,0.40503151,2.582565911,1.433100251,2.121697691,0.75826917,1.094261034
Engraulis_mordax_mordax,1,y,0.441898256,0.046064634,0.237024586,0.656976744,0.180921053,3.934603427,2.533671731,3.043520661,0.46342033,1.075916336
Enophrys_bison,1,y,0.377903771,0.055886772,0.09953523,0.843321193,0.416715603,2.10349966,1.03248901,2.827637931,2.118404069,1
Erilepis_zonifer,1,y,0.630199581,0.044374965,0.099972967,0.765631727,0.457339992,2.414690416,1.454893086,2.666609431,0.896341548,1.01607569
Eumicrotremus_orbis,1,y,0.666666667,0.124563918,0.078051619,0.730505319,0.316461817,0.823232429,1.219542589,1.603831443,4.722449328,1
Euthynnus_pelamis,1,y,0.640555556,0.051730888,0.132264719,0.666666667,0.5678125,4.292532726,6.63856987,11.70266667,0.88690785,1.042394482
Gadus_macrocephalus,1,y,0.670785054,0.049618296,0.10967626,0.77012734,0.471540882,2.801833439,1.528265604,2.980309789,0.654879183,1
Gadus_macrocephalus,2,y,0.443301711,0.038253395,0.072987076,0.866901124,0.509697188,3.910156439,1.050182829,2.492431764,0.551398626,1.008470424
Gadus_macrocephalus,3,y,0.52238806,0.047337278,0.067936059,0.78361194,0.493936013,8.616570156,1.257218189,2.737052632,0.74214876,1
Gadus_macrocephalus,4,y,0.666695035,0.032671811,0.095183848,0.822808511,0.53054517,2.479393347,1.633233789,3.645005415,0.491467577,1
Gadus_macrocephalus,5,y,0.627218935,0.027924326,0.052343597,0.836255556,0.457959111,2.040703246,1.474797388,3.299895797,0.860130719,1
Gadus_macrocephalus,6,y,0.438565715,0.026890439,0.083670617,0.888849905,0.576942308,3.690254761,1.67687534,3.305115907,0.594899461,1
Gadus_macrocephalus,7,y,0.57294006,0.041135401,0.126763869,0.783753983,0.486893448,2.994547675,1.952981328,3.378954591,0.967437083,1
Gadus_macrocephalus,8,y,0.705319704,0.038056503,0.101552693,0.763270275,0.485436893,2.594756252,1.75726055,3.204521469,0.675818374,1
Galeorhinus_zyopterus,1,y,0.293138963,0.015721448,0.033037715,0.666891329,0.23103274,3.982688539,1.920064781,4.24803323,0.795354374,1.162913539
Gasterosteus_aculeatus,1,y,0.612509479,0.064310731,0.062440313,0.679161007,0.547658956,1.277817478,1.324475978,3.59492881,1.883210701,1
Genyonemus_lineatus,1,y,0.234234234,0.040225009,0.060902195,0.689204955,0.429198017,5.326073456,1.956610758,2.980642732,0.545783249,1.01036256
Gibbonsia_metzi,1,y,0.518929576,0.042590449,0.072241859,0.754919001,0.523579349,1.629519439,1.050318597,2.015058077,1.911891388,1
Gibbonsia_montereyensis,1,y,0.413765757,0.032196608,0.065193111,0.735606555,0.475653295,1.946934826,1.208256995,2.641505127,1.277061236,1
Gilbertidia_sigalutes,1,y,0.51479902,0.060496279,0.093367689,0.715702614,0.373610126,1.976471889,1.11101391,2.469259259,4.560936491,1
Gobiesox_maeandricus,1,y,0.522914192,0.051422763,0.079506844,0.784385048,0.663808602,0.541160367,1.164859514,2.117000968,1.937138865,1
Hemilepidotus_hemilepidotus,1,y,0.358690454,0.06753418,0.130187103,0.749989131,0.485754523,1.934880475,1.035840719,2.790016418,1.910746394,1
Hemilepidotus_spinosus,1,y,0.435191072,0.073253273,0.147107405,0.79163246,0.539066914,1.500062895,1.208362411,2.633794994,2.254925381,1
Hemilepidotus_spinosus,2,y,0.435191072,0.073253273,0.147107405,0.79163246,0.539066914,1.500062895,1.208362411,2.633794994,2.254925381,1
Hemitripterus_bolini,1,y,0.663343537,0.067349817,0.205015558,0.780629252,0.548368581,1.444588268,1.254608587,2.878628052,2.231487966,1
Hexagrammos_decagrammus,1,y,0.47690932,0.054395328,0.079783981,0.761516495,0.402839306,1.522242584,1.223327924,2.3132224,1.696777602,1
Hexagrammos_decagrammus,2,y,0.254597758,0.04028791,0.069826122,0.860887097,0.561356191,2.187193196,0.965038312,1.716095104,1.479550562,1.013614993
Hexagrammos_decagrammus,3,y,0.259260905,0.040653047,0.060800599,0.881491522,0.559183964,2.4854543,0.900036736,1.800262305,1.592561983,1.015240346
Hexagrammos_decagrammus,4,y,0.265117647,0.052405789,0.060074138,0.867647059,0.513495009,2.07911433,1.604183862,2.574222179,1.135290731,1
Hexagrammos_decagrammus,5,y,0.502917588,0.035609799,0.058772652,0.94225517,0.544219388,1.961835487,1.989369789,3.209172176,1.485544657,1
Hexagrammos_decagrammus,6,y,0.443992631,0.043067175,0.077121595,0.917030423,0.502694301,1.271237559,1.854096436,2.619324796,1.897423549,1
Hexagrammos_decagrammus,7,y,0.353925163,0.040372095,0.048511203,0.909435453,0.548141948,0.759537869,0.975537989,1.936950731,1.425760695,1.010338111
Hexagrammos_decagrammus,8,y,0.417413762,0.050915045,0.062355963,0.860957731,0.554115592,0.814920596,1.767720106,2.937554113,1.281363236,1
Hexagrammos_lagocephalus,1,y,0.438897253,0.039654775,0.082618809,0.749974539,0.498413681,1.429230791,1.024817668,1.769843634,1.38223991,1
Hexagrammos_octogrammus,1,y,0.507502589,0.044785233,0.077395336,0.828368609,0.489097815,1.591954465,1.059942502,2.011009713,1.470359103,1
Hexagrammos_octogrammus,2,y,0.488774176,0.045991732,0.078093275,0.854971709,0.493412594,1.324191457,1.075023269,2.011232221,1.533698491,1
Hexagrammos_stelleri,1,y,0.535991393,0.050520648,0.096188621,0.775900685,0.525295392,0.896803452,1.409514246,3.068104595,1.620475937,1.004156927
Hexanchus_griseus,1,y,0.286770193,0.02319067,0.109715716,0.527690508,0.220590457,4.356580873,2.194263785,4.627857731,0.584317079,1.191146124
Hydrolagus_colliei,1,y,0.117339308,0.064679231,0.041582962,0.761733473,0.090009282,2.911996435,0.365258421,2.638324887,2.883007255,1
Hyperprosopon_argenteum,1,y,0.588224914,0.096993095,0.103802307,0.588224914,0.345174943,3.878596196,1.797975138,2.609565154,0.984398848,1.08524829
Hyperprosopon_ellipticum,1,y,0.538853124,0.083332338,0.085792173,0.585484644,0.331505714,3.42246104,1.463649026,2.135036985,0.67535617,1.062823712
Hypomesus_pretiosus_pretiosus,1,y,0.617817053,0.044330023,0.075034316,0.66239949,0.211148649,3.480064319,1.69394597,2.654995932,0.582932436,1.057833681
Hypsagonus_quadricornis,1,y,0.34999125,0.075111318,0.069648677,0.735729821,0.398540418,3.400977708,1.160412273,2.452928752,2.069401886,1
Icelinus_borealis,1,y,0.454554161,0.098058686,0.140027078,0.811853545,0.51076366,1.803091715,1.31536343,2.941541638,2.874921471,1
Icelinus_burchami,1,y,0.323222746,0.117794011,0.139215686,0.811052237,0.435223694,1.565493312,1.125477526,2.999761283,1.883261907,1
Icelinus_filamentosus,1,y,0.388908663,0.082535737,0.120976754,0.820947788,0.538240723,2.200861996,1.203663766,3.178457116,1.694888774,1
Icelinus_oculatus,1,y,0.198945076,0.101262696,0.14626481,0.732977273,0.529465128,1.513010567,0.899865343,2.760436764,1.525022251,1
Icelinus_tenuis,1,y,0.437076444,0.067425699,0.10183772,0.801333304,0.522757745,2.092895856,0.96536652,2.58545574,2.0224931,1
Icelus_spiniger,1,y,0.364683241,0.088419853,0.184391549,0.751401473,0.412520833,1.564356072,1.165984969,3.956555556,2.86687428,1
Icichthys_lockingtoni,1,y,0.433962264,0.058575077,0.076372513,0.672955975,0.473013456,1.800397123,0.876205462,2.04832069,0.452863642,1.00751343
Icosteus_aenigmaticus,1,y,0.428571429,0.028233954,0.094799448,0.585714286,0.546351274,1.796359105,1.354344447,4.250824237,0.399309459,1.01197245
Jordania_zonope,1,y,0.345962026,0.07157576,0.073660542,0.760991931,0.441176471,2.449567941,1.110873443,3.515713026,1.889298375,1
Lamna_ditropis,1,y,0.223246165,0.027148153,0.098702918,0.619171108,0.26258071,3.494970589,2.82820909,7.430130345,0.861686305,1.150167776
Lampanyctus_regalis,1,y,0.599129083,0.060584048,0.225059739,0.718068563,0.340854898,3.342573399,0.962226334,1.837152336,0.112222717,1.084621685
Lampanyctus_ritteri,1,y,0.642828063,0.043960178,0.163717006,0.728555137,0.223298442,4.19244739,0.947855411,1.968064,0.070478418,1.110647853
Lampris_regius,1,y,0.603048832,0.092131075,0.110906161,0.664117068,0.56793192,5.496562556,4.931051905,5.800529894,1.029131049,1.045233807
Lepidogobius_lepidus,1,y,0.446694839,0.055569515,0.099862997,0.761429423,0.685938717,2.450674307,0.61186272,1.725827393,0.748401878,1
Leptocottus_armatus,1,y,0.550327416,0.074086916,0.144375465,0.822485207,0.561770115,1.94697122,1.055123217,2.888913577,2.392522769,1
Leptocottus_armatus,2,y,0.548084514,0.045613334,0.116012117,0.761560251,0.499976668,1.287370947,1.515519686,3.300957392,2.421460999,1
Leptocottus_armatus,3,y,0.489268286,0.043434307,0.079641028,0.836944906,0.5556649,2.064792477,0.68118891,2.177928916,2.305854241,1
Leptocottus_armatus,4,y,0.335190374,0.052203764,0.14749914,0.879067084,0.641025408,1.150799091,1.292800188,3.214252916,3.355300188,1
Leptocottus_armatus,5,y,0.547287313,0.05731816,0.157814041,0.71641791,0.483345992,1.220834972,0.418984405,1.392711792,3.748791255,1
Lestidium_ringens,1,y,0.695811332,0.042338841,0.082531614,0.623657701,0.525270546,6.271642487,1.720522307,3.784441086,0.958601832,1.035005271
Leuroglossus_stilbius_schmidti,1,y,0.705574802,0.060664211,0.080836498,0.730972957,0.251009796,3.723590325,1.147788875,2.129641149,0.147966856,1.03663947
Liparis_callyodon,1,y,0.73899115,0.041143951,0.063205006,0.814170354,0.496675662,1.701986383,0.867905215,1.961901814,1.418334637,1
Liparis_cyclopus,1,y,0.327135514,0.049544792,0.074879965,0.780429907,0.409162667,1.308053692,0.93025069,2.296875,2.045976572,1
Liparis_dennyi,1,y,0.390733312,0.040866024,0.084281301,0.731772329,0.439913968,0.574092227,0.801853936,1.870967742,5.103542343,1
Liparis_florae,1,y,0.445940924,0.028379753,0.038759565,0.734349838,0.373906541,1.462883755,0.957624642,1.401459854,1.956033537,1
Liparis_fucensis,1,y,0.563080373,0.041446635,0.062070139,0.873840872,0.526480399,1.018678671,0.735358303,1.753348261,9.145313945,1
Liparis_mucosus,1,y,0.679384127,0.031173662,0.051549431,0.858806421,0.518222903,0.702380237,0.741156043,1.495534837,3.173406418,1
Liparis_pulchellus,1,y,0.10919352,0.042365522,0.040348117,0.724125446,0.467561277,2.009327336,0.831475294,1.808615385,8.367464924,1
Liparis_rutteri,1,y,0.236359339,0.046419543,0.079591208,0.763646722,0.493932227,1.259761928,0.802288826,1.646225641,3.404928179,1
Lumpenella_longirostris,1,y,0.412903226,0.031226972,0.036747234,0.825832258,0.50753731,1.892176732,0.94757784,1.948277093,1.658124336,1
Lumpenus_maculatus,1,y,0.293478261,0.048247437,0.061338175,0.750315217,0.60574205,2.32797829,1.285346951,3.276267241,2.537914587,1
Lumpenus_sagitta,1,y,0.289377358,0.024303814,0.027999831,0.641632075,0.52064237,2.028261535,0.69507938,1.981481481,1.765746896,1
Lycenchelys_jordani,1,y,0.502160789,0.02324592,0.034491667,0.746046647,0.444118202,1.3009095,6.28E-10,1,0.007724338,1
Lycodapus_fierasfer,1,y,0.76068846,0.030834426,0.067409428,0.780575923,0.335724607,4.486895698,6.28E-10,1,0.001876894,1
Lycodapus_grossidens,1,y,0.609832909,0.029328685,0.073184275,0.68847352,0.326291744,6.703284675,6.28E-10,1,0.002067535,1
Lycodapus_mandibularis,1,y,0.589400206,0.033543693,0.068760999,0.711349078,0.420073271,3.498526811,6.28E-10,1,0.002494153,1
Lycodes_brevipes,1,y,0.330249163,0.03849722,0.049012488,0.773815738,0.489077659,1.406528508,6.28E-10,1,0.017060456,1
Lycodes_diapterus,1,y,0.52286852,0.052455299,0.050583779,0.768626045,0.455185919,1.832544333,6.28E-10,1,0.018017051,1
Lycodes_palearis,1,y,0.417665522,0.018564944,0.061377676,0.813316418,0.528516697,1.621045464,6.28E-10,1,0.022577231,1
Lycodopsis_pacifica,1,y,0.391723676,0.044560052,0.08077753,0.769927781,0.322085076,1.786965384,6.28E-10,1,0.009315773,1
Lyconectes_aleutensis,1,y,0.942859796,0.009943606,0.049705335,0.914243267,0.414996063,2.25028496,0.895850759,1.709090909,0.475857349,1
Macdonaldia_challengeri,1,y,0.202606758,0.010443734,0.012609778,0.693636647,0.392305906,2.44641499,6.28E-10,1,0.001878778,1
Macropinna_microstoma,1,y,0.482873731,0.055550359,0.037254939,0.901154678,0.442140204,2.110117957,1.44732185,1.813516443,1.750481906,1.026346674
Malacocottus_kincaidi,1,y,0.505290789,0.121174228,0.165643909,0.805263158,0.421865097,1.366780707,1.104232684,2.677319231,1.821922428,1
Mallotus_villosus,1,y,0.720282383,0.048553749,0.113739468,0.740950777,0.154221631,2.359958496,1.461243243,2.34256906,1.88695935,1.046199075
Melamphaes_lugubris,1,y,0.497268402,0.050181807,0.151423506,0.599971894,0.447630688,3.507220878,1.691099739,2.399867326,1.239448369,1.078450423
Melanostigma_pammelas,1,y,0.518548426,0.047597842,0.039571787,0.667899647,0.287373428,4.409578845,6.28E-10,1,0.00194446,1
Merluccius_productus,1,y,0.584048319,0.056061201,0.128736143,0.764716387,0.511482656,3.087688247,1.07288956,3.094205882,1.173280495,1.011470282
Merluccius_productus,2,y,0.494438951,0.038303735,0.11096045,0.711125432,0.517539536,6.703651657,0.505205639,2.048105912,1.093378169,1.008091138
Merluccius_productus,3,y,0.857861391,0.058517093,0.126821682,0.689643134,0.520990891,7.165875155,1.256274761,3.820398431,0.747803947,1
Merluccius_productus,4,y,0.613120785,0.054993672,0.133020361,0.591223614,0.530291093,17.86065067,0.402494974,1.739304348,0.301810865,1.033780281
Merluccius_productus,5,y,0.80204669,0.05533424,0.13503107,0.649824113,0.510140168,7.115192232,0.526877934,1.970356429,0.908920188,1.012654007
Merluccius_productus,6,y,0.603553867,0.062092388,0.116079648,0.520742726,0.454551653,8.289525995,1.212241638,2.80983669,0.790114863,1
Merluccius_productus,7,y,0.637978001,0.045385191,0.132191932,0.612116824,0.449138943,8.978283284,1.037068004,3.588235294,0.706800446,1
Merluccius_productus,8,y,0.543368939,0.06060865,0.100731995,0.520253867,0.4916875,9.706499721,1.033639433,3.340848614,0.61565142,1.008530702
Merluccius_productus,9,y,0.673969969,0.047889109,0.099367539,0.651960622,0.513642579,11.37606823,0.591466123,2.000088889,0.530373832,1
Microgadus_proximus,1,y,0.572654392,0.053487378,0.104713553,0.713716853,0.524483233,3.482751505,0.936078722,2.80414433,0.516996733,1
Mola_mola,1,y,0.626510811,0.050348415,0.029339202,0.698773862,0.539221822,1.818960068,6.28E-10,1,0.004451548,1
Myoxocephalus_polyacanthocephaus,1,y,0.478339171,0.104338819,0.219135092,0.776287354,0.463487214,1.924985138,1.439713276,3.379210342,1.628639606,1
Nansenia_candida,1,y,0.583783784,0.063232848,0.06555862,0.691891892,0.235292272,4.921492194,0.827660053,1.621072326,0.217877521,1.06701216
Nautichthys_oculofasciatus,1,y,0.348517192,0.086841983,0.120058629,0.61617352,0.495830165,2.682994252,1.021674496,2.828326691,1.478017142,1
Nautichthys_robustus,1,y,0.373815618,0.0996801,0.10635457,0.738301031,0.462905205,1.31560799,1.234837512,1.975193272,2.535458042,1
Nectoliparis_pelagicus,1,y,0.274067391,0.104046568,0.112122831,0.67787074,0.603855859,1.968452801,0.547346497,3.251055556,6.703428434,1
Nemichthys_scolopaceus,1,y,1.39916909,0.005423596,0.072482629,0.716244287,0.411011524,2.70147656,6.28E-10,1,0.00015623,1
Notolepis_rissoi_rissoi,1,y,0.664273723,0.034539758,0.116181448,0.715364964,0.308966686,4.27550229,2.235422153,4.254083333,0.372529454,1.029306585
Notorhynchus_maculatus,1,y,0.290800739,0.012884039,0.067976857,0.573793988,0.041198436,3.133643415,1.139040883,4.63060495,0.53281326,1.290457747
Notoscopelus_resplendens,1,y,0.601055837,0.046426471,0.198715118,0.696799245,0.307188037,4.026720798,1.309925305,2.115620865,0.068614242,1.050147526
Occella_impi,1,y,0.701501866,0.048189339,0.094532399,0.787313433,0.668727545,1.459613327,0.953511078,2.420840277,3.200901239,1
Occella_verrucosa,1,y,0.764206564,0.038323975,0.070512209,0.778522939,0.683745123,3.151136986,0.779189223,2.563280554,3.979464067,1
Odontopyxis_trispinosa,1,y,0.350649351,0.061822548,0.050992214,0.636396104,0.545085686,1.880503963,1.318559134,4.549419355,2.793285308,1
Oligocottus_maculosus,1,y,0.504645783,0.082520036,0.117218279,0.819447938,0.526451878,2.087559501,1.18104918,2.321753491,2.671725319,1
Oligocottus_maculosus,2,y,0.294225404,0.059914537,0.121525511,0.815149071,0.690145216,2.560499697,1.591192488,3.060942827,1.685709071,1
Oligocottus_maculosus,3,y,0.283320625,0.077824203,0.07743496,0.683355624,0.519956341,1.525109695,0.807709972,1.782075201,2.180506187,1.066364338
Oligocottus_maculosus,4,y,0.265145877,0.078550082,0.072968417,0.818192665,0.622466959,1.819418199,0.7192881,1.742316968,3.000911334,1
Oligocottus_maculosus,5,y,0.229160699,0.073697631,0.058577564,0.847201896,0.659311746,2.766570877,0.408552118,1.226368854,2.081903586,1
Oligocottus_maculosus,6,y,0.303786006,0.080376196,0.097906177,0.733312964,0.661379032,1.501909077,2.158266648,3.046657988,3.80310248,1
Oligocottus_rimensis,1,y,0.489374113,0.066156847,0.080241639,0.783687943,0.537668749,2.453568448,1.09838161,3.072319588,2.45024611,1
Oligocottus_snyderi,1,y,0.43967503,0.068174401,0.091046392,0.79378852,0.521657267,2.404644837,1.166160435,2.408497054,2.350172544,1
Onchorhynchus_nerka,1,y,0.601295881,0.0300872,0.111867565,0.613922413,0.140625,3.330473268,1.827183615,2.727040709,0.431329209,1.057625994
Oncorhynchus_gorbuscha,1,y,0.483189217,0.036862714,0.118839744,0.638650095,0.211678317,3.465067963,2.719739144,3.636697163,0.526816796,1.013806206
Oncorhynchus_keta,1,y,0.720388795,0.037690366,0.124153635,0.661273905,0.235505824,3.005579176,2.703878123,3.64447218,0.603714366,1.03238827
Oncorhynchus_kisutch,1,y,0.690913157,0.038272839,0.149092698,0.727349256,0.245957155,2.492226723,2.64317761,3.402190031,0.619697584,1.022062018
Oncorhynchus_nerka,2,y,0.613207547,0.029654394,0.110362257,0.622660377,0.134796238,3.271202851,2.005678012,2.703407947,0.471302543,1.055132546
Oncorhynchus_tshawytscha,1,y,0.776898326,0.030659459,0.1285964,0.669333247,0.199485843,3.449926679,1.907050605,2.779590246,0.581083619,1.051379204
Oneirodes_acanthias,1,y,0.690527089,0.020820522,0.273219399,0.790698049,0.711112087,0.914339933,0.903921371,1.511588717,0.48890137,1
Oneirodes_eschrichti,1,y,0.612082733,0.040075037,0.285336364,0.818966626,0.66349596,0.846670226,1.421681793,3.111269288,0.389005098,1
Ophiodon_elongatus,1,y,0.69315991,0.040663049,0.138040478,0.761314612,0.382583587,1.363116243,1.478962036,2.821326254,1.654145896,1
Ophiodon_elongatus,2,y,0.531611923,0.027688545,0.088231332,0.879703816,0.568641955,1.801011995,1.241263221,2.826173913,1.49706228,1
Ophiodon_elongatus,3,y,0.556765115,0.033488552,0.104605051,0.907190351,0.505570611,1.795723988,1.186920796,2.571320257,1.565353102,1
Ophiodon_elongatus,4,y,0.825312201,0.029202245,0.098833722,0.873511286,0.369484213,2.546522495,1.607618986,2.932591503,1.034252591,1
Ophiodon_elongatus,5,y,0.61165836,0.038659996,0.075818383,0.932150383,0.55930037,1.672302099,1.596865742,3.269401524,1.304609767,1
Ophiodon_elongatus,6,y,0.413576923,0.034645609,0.077711422,0.850980769,0.510829319,1.921668953,1.867348417,3.507666099,1.323480433,1
Ophiodon_elongatus,7,y,0.660105801,0.042718753,0.074920644,0.88169755,0.644008013,1.255680013,1.27180946,2.8671249,1.697456493,1.007443461
Osmerus_mordax_dentex,1,y,0.729908046,0.045304443,0.125380546,0.672439655,0.24059472,2.775408874,1.620290762,3.078314286,0.772674401,1.054608151
Oxylebius_pictus,1,y,0.439200434,0.050498494,0.077265079,0.824275236,0.378963743,1.962799327,1.104809364,2.044265487,1.37770447,1
Pallasina_barbata_aix,1,y,0.61085178,0.032608676,0.050179016,0.681618874,0.723008762,1.951176017,0.971341958,5.928571429,2.014170397,1
Paraliparis_deani,1,y,0.336818262,0.06495642,0.061218609,0.593916261,0.423117616,2.109174266,6.28E-10,1,0.016316732,1
Paricelinus_hopliticus,1,y,0.452822093,0.066471018,0.063698509,0.779387047,0.534798811,1.588502867,1.258220231,3.327632184,2.079985588,1.006474738
Pentaceros_richardsoni,1,y,0.475609756,0.066421992,0.085073556,0.701245427,0.365129477,3.624649828,2.189079144,2.837805233,0.875377873,1
Peprilus_simillimus,1,y,0.564232493,0.04556131,0.048682422,0.564232493,0.494090713,5.00200786,4.151899637,5.761666667,1.060793768,1.10562305
Phanerodon_furcatus,1,y,0.438756452,0.094061773,0.064814792,0.529070968,0.358438612,2.834734918,1.734673951,2.88245,0.612332622,1.138017252
Pholis_clemensi,1,y,0.456992719,0.018655867,0.020274253,0.774816478,0.443002927,1.513468914,1.390841445,1.951229178,0.751208648,1
Pholis_laeta,1,y,0.52939397,0.020361786,0.033557295,0.722664784,0.438528897,1.367429449,1.597458909,2.170572885,0.777830997,1
Pholis_ornata,1,y,0.70930481,0.017246843,0.028205707,0.70930481,0.356167451,2.022548464,1.196890998,2.012386571,0.70408976,1
Pholis_schultzi,1,y,0.720777308,0.020149817,0.033522215,0.697655675,0.379303805,1.458270259,1.056924215,1.927354545,0.932019658,1
Phytichthys_chirus,1,y,0.545449301,0.012959747,0.042371615,0.797246768,0.411237979,1.071219581,1.384328065,1.643915707,0.614269952,1
Plectobranchus_evides,1,y,0.430545091,0.040350499,0.068722099,0.694462287,0.511258237,2.719162197,1.182617141,2.186440678,1.64593105,1
Polypera_greeni,1,y,0.432354295,0.019510463,0.074190662,0.844879481,0.453275092,0.893774744,0.91468992,1.817884346,4.022379413,1
Porichthys_notatus,1,y,0.781414715,0.036015556,0.122807235,0.89065979,0.654348391,1.366898016,1.068434711,2.373622356,4.507333143,1
Poroclinus_rothrocki,1,y,0.341612824,0.028893859,0.030250915,0.733023706,0.482104057,2.058177339,0.644445897,1.98182435,1.024700883,1
Poromitra_crassiceps,1,y,0.600004762,0.055536698,0.164654574,0.666671429,0.420569987,8.066305134,1.029362085,1.870626471,0.598451806,1.057784559
Prionace_glauca,1,y,0.230316524,0.023030286,0.047277659,0.625757409,0.193133021,4.569825313,2.969565049,6.026832863,1.270545966,1.158514045
Protomyctophum_thompsoni,1,y,0.498452012,0.12623056,0.236464362,0.647066563,0.359335823,4.439147424,1.084840737,1.918520129,0.405203183,1.104150239
Psychrolutes_paradoxus,1,y,0.388656325,0.077489146,0.10887981,0.786008099,0.452406304,1.530839448,1.065791828,2.435836406,3.208548993,1
Ptilichthys_goodei,1,y,0.630768246,0.00976324,0.017272806,0.577464789,0.447708578,4.822730951,6.28E-10,1,0.000251801,1
Radulinus_asprellus,1,y,0.207318653,0.07099684,0.087934551,0.730588083,0.486369852,2.022544037,1.064710142,3.9184798,2.051042331,1
Radulinus_boleoides,1,y,0.500036529,0.084466233,0.088514703,0.739741102,0.594864489,2.148460396,0.911642467,3.52280303,1.570449256,1
Remora_australis,1,y,0.742631898,0.029006003,0.064626921,0.594071856,0.771564655,1.569679535,0.873054081,2.432098765,0.920498515,1.017030886
Rhacohilus_vacca,1,y,0.490435708,0.086119063,0.06981072,0.63692949,0.364297156,3.16376456,1.793557149,2.437040518,0.620738443,1.093656444
Rhamphocottus_richardsoni,1,y,0.249082728,0.084525947,0.116774318,0.681353594,0.465962411,2.094158443,2.184491062,4.177143064,1.333172345,1
Rimicola_muscarum,1,y,0.551378985,0.021163538,0.054043646,0.637859949,0.495233963,1.605790174,1.053832136,2.083567708,1.368540968,1
Roccus_saxatilis,1,y,0.763175439,0.041788281,0.087235732,0.763175439,0.464296537,2.348531195,1.97220811,2.46887988,0.541041151,1.046061753
Ronquilus_jordani,1,y,0.369734694,0.070133841,0.091940833,0.789887756,0.457364341,1.974272245,0.658710074,1.785746931,2.554003757,1
Sebastes_caurinus,9,y,0.522502809,0.097022708,0.183177602,0.741594101,0.374555988,2.295804225,1.580786528,2.456616848,1.181598737,1
Sebastes_zacentrus,1,y,0.512820513,0.090055969,0.148776993,0.711538462,0.400810311,2.432133995,1.843521034,3,1.317629016,1.009882492
Sagamichthys_abei,1,y,0.560559591,0.069141294,0.140108492,0.623327504,0.294347659,3.502678627,1.410012713,2.302794574,0.390360233,1.062233472
Salmo_clarki_clarki,1,y,0.512724468,0.033625329,0.120547006,0.673735816,0.178861789,4.364593174,1.787050142,2.319235959,0.406881005,1.023951585
Salmo_gairdneri,1,y,0.7025244,0.047293792,0.125257163,0.725425753,0.236133483,3.57189402,1.879020198,2.456123625,0.573781253,1.013067691
Salmo_trutta,1,y,0.514116286,0.039339662,0.122019338,0.663855274,0.225894383,3.29427268,2.018878209,3.232253923,0.44688906,1.016959761
Salvelinus_malma,1,y,0.690329632,0.033705954,0.136994087,0.690329632,0.13909828,3.323315638,2.577383883,2.711406525,0.411207521,1.010726393
Sarda_chiliensis,1,y,0.61845614,0.05397381,0.128164011,0.684241228,0.553952912,3.434394329,5.366403005,7.459008843,0.650172161,1.042650848
Sarda_chiliensis,2,y,0.586691407,0.053877663,0.131832638,0.673318371,0.555185044,3.96188086,5.320528007,7.565491398,0.645958553,1.037873293
Sardinops_sagax,1,y,0.721714623,0.047031115,0.112693691,0.754716981,0.154798762,4.547303046,2.631966916,3.629705314,0.610877998,1.087810721
Scomber_japonicus,1,y,0.773452392,0.056499939,0.110836798,0.67966626,0.582875722,3.553784611,2.576491074,5.990883146,0.515126337,1.086042264
Scomber_japonicus,2,y,0.749894548,0.055018843,0.10643583,0.682985509,0.610360876,3.252301052,2.719868,6.43890873,0.477940613,1.088725254
Scopelosaurus_harryi,1,y,0.530247323,0.042681408,0.065766718,0.660456274,0.633318705,8.670677015,1.047161169,2.56,0.4393424,1.071121797
Scorpaenichthys_marmoratus,1,y,0.584918091,0.060319693,0.128366368,0.839625979,0.366278452,1.8927164,1.124586519,2.381532646,1.952121046,1
Scytalina_cerdale,1,y,0.598191222,0.014138295,0.042650205,0.731230318,0.37739289,2.918466733,6.28E-10,1,0.000462536,1
Sebastes_aleutianus,1,y,0.701602368,0.091210807,0.175629648,0.826595647,0.396147131,2.428099608,1.699714635,3.098796408,0.896307537,1.026777551
Sebastes_alutus,1,y,0.695937934,0.076399296,0.149563428,0.756769266,0.445633101,2.71129808,1.478192959,3.013348751,1.050305416,1.025523766
Sebastes_auriculatus,1,y,0.455686829,0.089710747,0.172654384,0.759504947,0.386632243,1.709675755,1.311664907,2.18177802,1.711874031,1
Sebastes_aurora,1,y,0.317701471,0.097034449,0.158690683,0.717647059,0.472441722,2.175804164,1.424909912,2.666542284,1.405943094,1.014049002
Sebastes_aurora,2,y,0.349152187,0.094933963,0.156292934,0.702572892,0.470753015,2.159563661,1.376265066,2.511530612,1.415416537,1.016067151
Sebastes_babcocki,1,y,0.512396694,0.092228982,0.153025786,0.789267218,0.446914647,2.026553422,1.55629735,2.566106667,1.413699511,1.007756917
Sebastes_babcocki,2,y,0.451219512,0.087304423,0.146020655,0.78052981,0.448716415,2.308019263,1.542850794,2.590519786,1.454321777,1.012282948
Sebastes_babcocki,3,y,0.449767196,0.085594883,0.149605256,0.788431217,0.440799272,2.125654705,1.445945517,2.566531335,1.421263072,1.007423051
Sebastes_borealis,1,y,0.553398058,0.106030185,0.164592088,0.820402913,0.42352609,2.478938287,1.768881905,2.970625,1.263132227,1.011910442
Sebastes_brevispinis,1,y,0.545061271,0.084939822,0.181197072,0.772514899,0.462849649,2.133678897,1.477760381,2.663234493,1.012947583,1.018315282
Sebastes_caurinus,1,y,0.459496867,0.060164173,0.118494564,0.826237274,0.438591067,2.067239858,2.105789983,3.044454568,1.235429405,1
Sebastes_caurinus,2,y,0.357855007,0.062525255,0.158129358,0.637223666,0.317501766,3.203420044,1.82057085,2.902508863,0.675467366,1
Sebastes_caurinus,3,y,0.437226261,0.078993195,0.146014926,0.787872196,0.419832313,2.992676622,1.281777903,2.235284386,1.195025861,1
Sebastes_caurinus,4,y,0.668680588,0.08106304,0.140521874,0.817956039,0.391180924,2.46877983,0.963129433,1.674560294,1.759909915,1.00467981
Sebastes_caurinus,5,y,0.502910582,0.069345446,0.116567884,0.837979464,0.434750478,1.470505495,1.354695368,2.214262755,1.372494291,1
Sebastes_caurinus,6,y,0.397537725,0.096041697,0.096653787,0.823771936,0.485403415,3.541161866,1.145960442,2.047773175,0.865302033,1
Sebastes_caurinus,7,y,0.579538869,0.057546588,0.082309648,0.890217157,0.432956872,1.656951841,1.972384111,3.056368695,1.288927336,1
Sebastes_caurinus,8,y,0.576409146,0.07973665,0.124101201,0.79916508,0.348806202,2.48723261,2.040696933,3.085824787,1.04087414,1
Sebastes_ciliatus,1,y,0.517972867,0.078723103,0.159963915,0.665329392,0.414317942,2.361636723,1.643649734,2.603105192,0.919298246,1.015712298
Sebastes_ciliatus,2,y,0.496135689,0.083864475,0.159289554,0.635665615,0.39962793,2.380677961,1.622977587,2.619012095,0.941203354,1.021728565
Sebastes_crameri,1,y,0.590033754,0.102238952,0.155026325,0.739531278,0.362507125,2.731833468,1.633285141,2.912479977,1.106593028,1.02121955
Sebastes_diploproa,1,y,0.65773759,0.128699858,0.159462693,0.684535515,0.405201825,2.679658058,1.94241725,3.39358785,1.277347115,1.019746098
Sebastes_elongatus,1,y,0.462264151,0.078993068,0.140659605,0.792466981,0.392849065,2.75812293,1.745822809,3.723881481,0.820317276,1.005255126
Sebastes_elongatus,2,y,0.424887255,0.082064998,0.133666594,0.771269608,0.380541683,2.684365501,1.744343916,3.676343331,0.876741477,1.004196778
Sebastes_emphaeus,1,y,0.59573393,0.091663111,0.124645472,0.675493589,0.423053873,1.900514616,1.304408628,2.510517134,1.419986417,1.013764046
Sebastes_entomelas,1,y,0.502617801,0.080238327,0.127164755,0.649298429,0.406841579,2.325633012,1.540136807,2.882082425,1.16397312,1.030857125
Sebastes_flavidus,1,y,0.473446439,0.081413355,0.148169913,0.703545834,0.442933178,2.413227728,2.282404924,3.34872807,0.87026838,1.021378561
Sebastes_goodei,1,y,0.600980769,0.085851318,0.139061504,0.716362179,0.401743153,2.323018999,1.608739928,2.769878173,1.026536303,1.037328213
Sebastes_helvomaculatus,1,y,0.608167782,0.106291105,0.186593685,0.765757717,0.4643857,2.38870129,1.473697979,2.765957447,1.181487214,1.004670632
Sebastes_jordani,1,y,0.681514555,0.101743962,0.127826181,0.681514555,0.439640097,2.399531072,1.613003168,2.984329988,1.54320019,1.04703763
Sebastes_maliger,1,y,0.504925499,0.109646383,0.15746042,0.796990248,0.443274743,2.666622267,1.359281798,2.430715924,1.105972652,1
Sebastes_melanops,1,y,0.597168752,0.0764236,0.148834528,0.744067601,0.391314745,2.125397336,1.526416784,2.267491937,0.956920718,1.006864877
Sebastes_melanops,2,y,0.685718775,0.067441971,0.138683113,0.780945986,0.447299145,1.663731903,1.464201916,2.28007017,1.255415984,1.009160301
Sebastes_melanops,3,y,0.625023026,0.058515428,0.13090976,0.756559038,0.413916382,1.907630803,1.900964705,2.819234043,0.974664357,1
Sebastes_melanops,4,y,0.659560435,0.061344326,0.118454879,0.824514372,0.419654762,2.119431179,1.454856415,2.267316146,1.399911229,1.009849742
Sebastes_melanops,5,y,0.678812297,0.061391879,0.111757791,0.835749321,0.414201183,2.71173229,1.724656277,2.414251864,0.871775152,1.007495965
Sebastes_melanops,6,y,0.587387502,0.064974783,0.112275075,0.804241203,0.458080094,1.904571934,1.340635441,2.20880769,1.053276804,1.008840626
Sebastes_melanops,7,y,0.709423661,0.076815916,0.120814459,0.83518921,0.523378411,1.301098649,1.672201338,2.483228638,0.685280862,1
Sebastes_melanops,8,y,0.64657907,0.071178849,0.122457255,0.790711628,0.454519838,1.403749153,0.966499287,1.72287395,1.872548343,1.014424539
Sebastes_melanops,9,y,0.570588957,0.066885331,0.134766456,0.717791411,0.39532841,1.842400087,1.65223546,2.293656122,1.272702142,1
Sebastes_miniatus,1,y,0.757722467,0.087791264,0.161704022,0.735682819,0.350146983,2.038345813,1.759128695,2.67850696,1.057449594,1.009239524
Sebastes_miniatus,2,y,0.747147989,0.10222753,0.162994362,0.747147989,0.372246083,2.113866152,1.711604143,2.507534501,1.124403551,1.008983162
Sebastes_mystinus,1,y,0.531807626,0.071628937,0.152995898,0.659044188,0.387573964,2.224240073,1.771574024,2.915776259,1.081246019,1.010701425
Sebastes_nebulosus,1,y,0.561334844,0.086185162,0.170994245,0.830232934,0.424566341,2.048833857,1.311338043,2.481957831,1.296852368,1
Sebastes_nigrocinctus,1,y,0.581280788,0.082899809,0.173590906,0.793118227,0.360554731,2.450687695,1.18070086,2.053763441,1.316681635,1
Sebastes_paucispinis,1,y,0.642561907,0.075774848,0.165936233,0.748942562,0.451893287,2.629552898,1.451065083,2.776836076,0.764150832,1.010974967
Sebastes_pinniger,1,y,0.530510828,0.089263811,0.161465614,0.769959003,0.435710077,2.866900785,1.542096083,2.510502604,1.113576478,1.012498206
Sebastes_proriger,1,y,0.505977943,0.094731966,0.137874077,0.753106422,0.405688773,2.736903677,1.36089032,2.624646888,1.737367979,1.01257763
Sebastes_reedi,1,y,0.604495879,0.095066203,0.163633395,0.758260989,0.401374361,2.452693719,1.823901579,3.218087595,1.112859753,1.031994263
Sebastes_ruberrimus,1,y,0.601056767,0.088051291,0.167746552,0.754062142,0.393116132,2.335191601,1.346630443,2.518364704,1.069542616,1.004913729
Sebastes_ruberrimus,2,y,0.703970279,0.075801846,0.116425706,0.885011895,0.51067225,1.926437168,1.228976541,2.193016367,1.885668277,1.006547672
Sebastes_ruberrimus,3,y,0.698564593,0.065178901,0.167767395,0.846909091,0.373763999,1.651419247,2.141932002,3.110803871,1.077172153,1
Sebastes_ruberrimus,4,y,0.672236975,0.054103463,0.134557398,0.900012222,0.387293233,2.882145027,1.745124421,2.792222222,1.013126079,1
Sebastes_ruberrimus,5,y,0.652148709,0.055645229,0.134846879,0.869550935,0.450001333,2.860961926,1.646528798,2.753802094,1.100052938,1
Sebastes_ruberrimus,6,y,0.702191488,0.062371491,0.140178956,0.90071579,0.500166664,1.851746652,1.780608614,3.042053419,1.164173379,1.00908923
Sebastes_ruberrimus,7,y,0.65046357,0.0647619,0.144916643,0.89641765,0.426361131,2.586761844,1.82422503,2.719952365,1.689585332,1
Sebastes_ruberrimus,8,y,0.756200814,0.060153482,0.140974532,0.850712857,0.432794634,2.025044176,1.594499389,2.581016986,1.686276224,1.014044078
Sebastes_saxicola,1,y,0.562516493,0.085179517,0.146743014,0.718759114,0.389091258,2.50987715,1.43731718,2.472476037,1.242595304,1.006556631
Sebastes_variegatus,1,y,0.462419727,0.103517062,0.158770865,0.710993451,0.422780099,2.704638628,1.452034005,2.809169118,1.249758757,1.009824307
Sebastes_wilsoni,1,y,0.542511352,0.108384268,0.139860076,0.673188315,0.409680215,2.681877995,1.377573531,2.471833274,1.566382979,1
Sebastolobus_alascanus,1,y,0.457014748,0.125906904,0.191742168,0.731171985,0.48085282,2.541556444,1.234904542,2.675831256,1.105712123,1
Sebastolobus_altivelis,1,y,0.504566667,0.107443905,0.180116686,0.718195455,0.478011989,2.380757825,1.225359185,2.494716767,1.431831497,1
Serrivomer_jesperseni,1,y,1.075036083,0.006591973,0.078655647,0.797466898,0.553823191,5.311932132,6.03E-07,31,0.000185868,1
Somniosus_pacificus,1,y,0.135368905,0.014279882,0.052950001,0.537129588,0.359421273,3.033022775,1.512850315,4.833409722,0.485492378,1.072730405
Sphyraena_argentea,1,y,0.648148148,0.049823285,0.115192611,0.694444444,0.418487935,3.424674022,1.899171977,3.291919415,0.297645872,1.083547831
Spirinchus_starksi,1,y,0.837842732,0.042360471,0.122898921,0.63244821,0.218043473,3.950875972,1.591276501,2.946234018,0.67290562,1.052537767
Spirinchus_thaleichthys,1,y,0.668465434,0.051596893,0.097539934,0.64768073,0.152109983,2.548133746,1.390555048,2.547861171,1.916477376,1.059813432
Squalus_acanthias,1,y,0.186080802,0.027462359,0.033379127,0.51939251,0.121383708,3.444589758,2.261552142,6.690293224,0.889847002,1.074001921
Stenobrachius_leucopsarus,1,y,0.369418093,0.079544641,0.16467502,0.635418822,0.352783499,3.39151207,1.174411533,2.072247007,0.115263002,1.077413318
Symbolophorus_californiense,1,y,0.529165919,0.079924192,0.175447058,0.614365471,0.534661992,5.822246227,1.504377861,2.405772059,0.460925533,1.047256579
Synchirus_gilli,1,y,0.4,0.062306906,0.07241537,0.773362222,0.550239234,1.922650017,1.136634788,3.868900666,2.650661012,1
Syngnathus_griseolineatus,1,y,0.727190092,0.013403153,0.008481193,0.727190092,0.566351931,0.750509973,0.805666963,2.566667754,0.969050715,1
Tactostoma_macropus,1,y,0.757309344,0.017938027,0.097309809,0.759938953,0.0846419,2.786214382,2.855909075,5.06049243,1.603851924,1.013709929
Tarletonbeania_crenularis,1,y,0.387593895,0.072417289,0.171657707,0.643417493,0.350179479,3.635125658,0.952047454,2.381315175,0.38075806,1.045410268
Tetragonurus_cuvieri,1,y,0.421358792,0.037098183,0.061802895,0.685443596,0.390170455,3.121433469,0.772828868,2.41177757,0.407587216,1.054885274
Thaleichthys_pacificus,1,y,0.704721131,0.043261625,0.099421987,0.720434616,0.194280417,2.376917212,1.409290847,2.811057209,0.783332067,1.061915423
Theragra_chalcogramma,1,y,0.601613281,0.063995473,0.112726623,0.648449219,0.522011032,3.17619704,1.433467525,3.184845396,0.711445288,1
Thunnus_alalunga,1,y,0.630159551,0.07024811,0.115715006,0.657660604,0.572049788,6.988233615,6.882901045,11.48603333,1.775315745,1.055019159
Thunnus_thynnus,1,y,0.65766576,0.049940343,0.126026097,0.65766576,0.654871564,5.237673641,6.772926771,8.518509631,0.856805205,1.049711663
Trachipterus_altivelis,1,y,0.659586974,0.047267532,0.047616175,0.686161088,0.333330623,1.733263872,0.806092043,4.678555556,2.231188907,1.026330821
Trachurus_symmetric,1,y,0.653142781,0.068027167,0.118035858,0.638414108,0.426171039,5.280457896,2.165378172,5.297085938,1.295183816,1.086843747
Trichodon_trichodon,1,y,1.005555556,0.062984589,0.114781889,0.844444444,0.551246939,1.285176641,1.695610257,3.544035088,2.264325967,1.039519556
Triglops_macellus,1,y,0.55306797,0.076043682,0.106605485,0.765168139,0.491018349,2.282946611,1.154354347,3.513927083,3.8090282,1
Triglops_pingeli,1,y,0.20289316,0.0779258,0.111043593,0.746497074,0.457479675,2.031131245,1.168354316,3.715129011,2.162009208,1
Xeneretmus_latifrons,1,y,0.28570872,0.065356304,0.046141638,0.63635124,0.51519276,1.855658499,1.037245403,4.101254846,2.368036969,1
Xeneretmus_triacanthus,1,y,0.344776068,0.060399755,0.056554573,0.758556193,0.52231605,2.912104636,1.17515968,5.748464724,3.154194009,1
Xererpes_fucorum,1,y,0.639707058,0.016590912,0.025014181,0.69133583,0.263676436,2.994437894,1.226794857,2.043942029,0.066829088,1
Xiphister_atropurpureus,1,y,0.608,0.014569921,0.039448061,0.824,0.455689135,2.302604128,1.055063871,1.442878411,0.101015826,1
Xiphister_mucosus,1,y,0.610243902,0.013635097,0.042447318,0.829268293,0.45,1.708336261,0.59625377,0.713948854,0.227506122,1
Zaniolepis_latipinnis,1,y,0.440860215,0.054904021,0.068309703,0.720510753,0.435416504,1.895843666,1.286499373,2.988964535,2.20472923,1
Zaprora_silenus,1,y,0.513162661,0.040453144,0.068400739,0.683201902,0.512376238,0.450403797,1.359463367,2.196527,0.789634335,1
Atheresthes_stomias,1,y,0.9,0.054172629,0.130517959,1,0.5,14.69263461,1.413357032,2.89699392,2.705868411,1.0196489
Citharichthys_sordidus,1,y,0.9,0.055627295,0.079996216,1,0.5,14.34516838,1.01122039,2.073134877,3.680842004,1
Citharichthys_stigmaeus,1,y,0.9,0.053992957,0.080312292,1,0.5,15.1309591,1.288118273,1.962397755,3.154038461,1
Clidoderma_asperrimum,1,y,0.9,0.066990319,0.067018326,1,0.5,14.6991487,0.973458174,1.929620312,4.284322661,1
Embassichthys_bathybius,1,y,0.9,0.055683515,0.063503349,1,0.5,16.05184915,0.974478439,2.273683668,4.890526653,1
Eopsetta_jordani,1,y,0.9,0.061081502,0.083954759,1,0.5,12.61841536,1.561255678,2.470240532,3.510135195,1
Glyptocephalus_zachirus,1,y,0.9,0.056591232,0.04486765,1,0.5,14.40770252,1.100542142,2.065168573,4.363641569,1
Hippoglossoides_elassodon,1,y,0.9,0.064182981,0.100007101,1,0.5,11.94831733,1.202617592,2.16066922,3.40791385,1
Hippoglossus_stenolepis,1,y,0.9,0.041435743,0.083095031,1,0.5,19.97454853,1.970616585,3.152919394,2.48492536,1.025666913
Inopsetta_ischyra,1,y,0.9,0.045910381,0.063946805,1,0.5,11.62336084,1.381408652,2.857846476,3.009856934,1
Isopsetta_isolepis,1,y,0.9,0.044171994,0.064588865,1,0.5,14.96761832,1.119318133,2.29256389,2.403312309,1
Lepidopsetta_bilineata,1,y,0.9,0.051924695,0.051808398,1,0.5,12.42744258,1.295127338,2.082398259,3.274073711,1
Limanda_aspera,1,y,0.9,0.04965781,0.063825115,1,0.5,13.27675224,1.209813709,2.276938956,2.487420982,1
Lyopsetta_exilis,1,y,0.9,0.056254242,0.078635598,1,0.5,11.37885142,1.081210338,2.686500804,3.017453338,1
Microstomus_pacificus,1,y,0.9,0.064616029,0.031380504,1,0.5,15.65752917,1.156325771,2.163072309,3.268686902,1
Parophrys_vetulus,1,y,0.9,0.053509225,0.051874943,1,0.5,16.02363901,1.180909334,2.221519447,2.833066161,1
Platichthys_stellatus,1,y,0.9,0.048993489,0.04519396,1,0.5,13.0801308,1.191047114,2.432260969,2.194362271,1
Pleuronichthys_coenosus,1,y,0.9,0.051214753,0.059400853,1,0.5,10.49746142,1.100401031,1.734165186,3.123463891,1
Pleuronichthys_decurrens,1,y,0.9,0.061390162,0.051914434,1,0.5,10.79492781,1.316367495,2.351443329,3.26184315,1
Psettichthys_melanostictus,1,y,0.9,0.03620309,0.086499368,1,0.5,16.50663247,1.370404608,1.992348772,2.84215904,1
Reinhardtius_hippoglossoides,1,y,0.9,0.043352362,0.093848842,1,0.5,15.45116631,1.451923615,2.658067158,2.782782196,1.014863253
Acipenser,1,n,0.081718051,0.011218891,0.013273516,0.59679655,0.115795695,4.222563307,2.192854078,5.038633265,1.107781479,1.091576098
Agonopsis,1,n,0.29272439,0.057911731,0.062232951,0.765868293,0.482155357,1.368410173,1.028242002,3.248856926,3.882145778,1
Agonus,1,n,0.05072329,0.063447567,0.06546292,0.6666876,0.610797411,1.265379379,1.011861688,3.963856483,2.996872513,1
Alepisaurus,1,n,0.379902967,0.028929052,0.107284546,0.681521858,0.20080285,5.801933486,2.009228784,5.276595745,1.046968794,1.072683516
Allocyttus,1,n,0.658187755,0.156868084,0.125577678,0.796602174,0.550818744,1.791698885,1.100134073,3.032834453,1.907622791,1
Allolumpenus,1,n,0.328697761,0.039037392,0.059572564,0.671682836,0.400047332,3.646294261,0.849071517,2.041770833,1.211637249,1
Allosmerus,1,n,0.740496511,0.052951325,0.11740736,0.675635503,0.327890755,3.566573849,1.68562615,2.564231501,0.753402539,1.075084503
Alopias,1,n,0.271785928,0.027666309,0.064000293,0.555488565,0.150803861,3.903432951,1.540705379,4.491631199,0.441188755,1.943918
Alosa,1,n,0.587997854,0.052612751,0.118694276,0.738197425,0.174162775,3.52823923,1.689117762,2.564733333,0.535849682,1.088092625
Ammodytes,1,n,0.61361209,0.027006203,0.059994004,0.742495171,0.355199527,4.788489905,1.555255683,3.766725178,1.055045328,1.035793141
Amphistichus,1,n,0.474442161,0.072961914,0.095860985,0.630697532,0.37830295,2.911166909,1.635377881,2.115583341,0.921915253,1.07720339
Anarrhichthys,1,n,0.533520962,0.011530304,0.027232616,0.769607912,0.422234661,1.596311555,6.28E-10,1,0.003628075,1
Anoplagonus,1,n,0.71218,0.025668328,0.045337531,0.656048,0.578647852,1.194956342,0.930759449,3.327789572,2.04475827,1
Anoplarchus,1,n,0.460890694,0.022791992,0.058737888,0.683094914,0.40216313,2.103434352,1.236249402,2.206941169,0.667074403,1
Anoplopoma,1,n,0.416666667,0.031647449,0.088951997,0.733380556,0.52,2.976789196,1.769403134,4.136526029,0.605225931,1.023307703
Anotopterus,1,n,0.856290222,0.027132967,0.160665803,0.676738327,0.259602904,7.678825411,1.30086405,5.43375,0.206684698,1.035411247
Antimora,1,n,0.602863755,0.049898557,0.13107394,0.780154653,0.502069942,4.029983355,1.054934476,3.213333333,0.724982518,1
Apodichthys,1,n,0.474215517,0.019315098,0.027449237,0.706896552,0.395201571,1.834343003,1.55018848,2.357117269,0.431616302,1
Apristurus,1,n,0.187856134,0.009409931,0.03010397,0.692478067,0.072787677,2.656595371,0.625429126,2.601785967,0.600493768,0.998007702
Aprodon,1,n,0.395940335,0.051827335,0.078950778,0.789749786,0.369828914,1.458952678,6.28E-10,1,0.020006847,1
Aptocyclus,1,n,0.671428571,0.055424434,0.046287453,0.86,0.466346839,0.870504621,1.137202706,1.351216464,3.980495713,1.055945381
Argyropelecus,1,n,0.759921979,0.12546952,0.260980393,0.807916256,0.233022451,4.612529271,2.308949003,2.350866082,0.871654031,1.0605394
Aristostomias,1,n,0.489021647,0.055671066,0.256572245,0.718943932,0.183666508,16.79785856,1.631612381,2.760005818,1.645500375,1.017787916
Artedius,1,n,0.383075368,0.081505998,0.142284414,0.799078594,0.481471144,1.710410755,1.114216633,2.588414246,2.325610419,1
Aseclichthys,1,n,0.445315693,0.065824664,0.129679933,0.788355839,0.634306815,1.392856883,1.022609973,2.647727273,1.483940912,1
Asemichthys,1,n,0.478300207,0.067777993,0.095328111,0.782608696,0.564614035,2.23063143,1.150446722,2.955562189,3.285022737,1
Asterotheca,1,n,0.381130501,0.067316016,0.052735992,0.676866151,0.59243557,1.798489878,1.106929405,3.582682978,4.083125266,1
Atheresthes,1,n,0.9,0.054172629,0.130517959,1,0.5,14.69263461,1.413357032,2.89699392,2.705868411,1.0196489
Atherinops,1,n,0.588259358,0.060712668,0.062727235,0.695208556,0.645339574,4.082069473,1.246237581,2.807959194,0.675911779,1.07567616
Aulorhynchus,1,n,0.697040404,0.040898516,0.149354902,0.616242424,0.556499963,3.088364955,1.046605145,4.701100282,2.003888856,1.020225973
Avocettina,1,n,0.563182527,0.005981314,0.051049575,0.563182527,0.58271237,2.754388212,6.28E-10,1,0.00026122,1
Bathophilus,1,n,0.521912319,0.018357298,0.127177667,0.659520661,0.514868333,2.290525854,2.127906612,2.756428433,11.41274399,1.021423093
Bathyagonus,1,n,0.645429078,0.065395187,0.051927059,0.730531915,0.522341667,2.417921683,1.2525676,4.312614583,2.689637029,1
Bathylagus,1,n,0.543164371,0.086661697,0.050937958,0.656381304,0.264169941,3.909537482,1.55634933,2.59851602,0.623079507,1.051706403
Bathymaster,1,n,0.514631607,0.063254273,0.103594317,0.767200056,0.503447087,1.305178683,1.152617055,1.9839625,2.61480427,1
Benthalbella,1,n,0.582159624,0.059762942,0.168596586,0.788732394,0.362410982,7.074060082,0.881393949,2.156348958,0.105554356,1.07262961
Benthodesmus,1,n,0.718792969,0.024881137,0.056340588,0.718792969,0.463417503,3.533466893,2.487076803,9.151269895,2.110002384,1.016198855
Blepsias,1,n,0.556484246,0.068115413,0.124777218,0.757058684,0.501977915,1.568606106,1.323780747,3.22357337,2.761836174,1
Bothragonus,1,n,0.412867755,0.057198084,0.063519548,0.750003968,0.461988971,1.876302181,1.174671988,1.683542269,2.524086579,1
Bothrocara,1,n,0.356256984,0.035431061,0.06174191,0.742043497,0.459178117,3.691575215,6.28E-10,1,0.01104301,1
Brachyistius,1,n,0.668478261,0.069288346,0.068454701,0.576112319,0.39897188,2.580303673,1.440192662,2.026965123,0.732275317,1.056784675
Brama,1,n,0.486357354,0.077404751,0.114515701,0.568236803,0.400974546,4.225679511,0.865300835,3.079529101,1.072430229,1.178555999
Brosmophycis,1,n,0.546568449,0.019484217,0.087175206,0.842136906,0.57526335,1.213237423,1.095337323,2.323176042,5.672565087,1
Bryozoichthys,1,n,0.493870791,0.037808639,0.054315922,0.724971487,0.476668284,1.805437925,1.042291199,1.960171174,2.047191693,1
Carcharodon,1,n,0.296488676,0.014295966,0.065555215,0.723565805,0.322752831,4.199503487,3.155963563,6.100154908,1.547881777,1.100856793
Careproctus,1,n,0.380617671,0.057272611,0.086458845,0.705152593,0.400435683,1.71445629,0.146579521,1.270537688,3.640171384,1
Caristius,1,n,0.363027608,0.091242658,0.173073802,0.523981028,0.457258846,2.991676379,1.46707508,2.134374661,0.677114166,1.032297376
Caulolatilus,1,n,0.548414307,0.073975032,0.081302967,0.800009032,0.41062306,3.818409624,1.249260182,2.868013981,0.680050612,1.054486083
Ceratoscopelus,1,n,0.487620448,0.09970775,0.2450463,0.699629338,0.490147225,5.500206708,1.040577386,2.135570968,0.526917844,1.103047629
Cetorhinus,1,n,0.408173053,0.007211121,0.058755258,0.549242588,0.07056488,3.21488156,3.167228948,6.562045758,0.681100465,1.092901357
Chaenophryne,1,n,0.429619158,0.036825028,0.346815726,0.620527858,0.6774942,0.654714011,0.885937802,1.876325069,0.234588413,1
Chauliodus,1,n,0.390119222,0.029390422,0.150624317,0.560517244,0.052021129,3.685393327,1.0659139,3.565478261,0.748499198,1.030005644
Chirolophis,1,n,0.484715594,0.027885098,0.054669979,0.693973624,0.546220219,1.495387261,1.369800195,2.118788814,2.223745595,1
Chitonotus,1,n,0.298334779,0.093182641,0.164591854,0.791827203,0.560424188,1.705119707,0.650915,1.711601005,2.450866734,1.001569201
Citharichthys,1,n,0.9,0.054810126,0.080154254,1,0.5,14.73806374,1.149669332,2.017766316,3.417440232,1
Clevelandia,1,n,0.57532933,0.055837508,0.08675432,0.794621127,0.594312381,1.97302492,0.909547698,2.401829279,0.563193565,1
Clidoderma,1,n,0.9,0.066990319,0.067018326,1,0.5,14.6991487,0.973458174,1.929620312,4.284322661,1
Clinocottus,1,n,0.321472978,0.064461775,0.083172515,0.773850848,0.57001375,2.035472503,1.233957033,2.769755075,2.742901199,1
Clupea,1,n,0.681266393,0.059487149,0.11174982,0.681266393,0.202630437,3.686158651,2.711058457,3.04167354,0.506811819,1.083005919
Cololabis,1,n,0.671267123,0.032559736,0.044697343,0.698763699,0.603135324,2.414595161,1.79525066,4.198973584,0.911823093,1.04540209
Coryphaenoides,1,n,0.360496265,0.041552131,0.061569005,0.73502703,0.536333659,4.262900709,6.28E-10,1,0.006478945,1
Coryphopterus,1,n,0.524143008,0.070036757,0.105633624,0.802093285,0.600831818,2.294812565,0.968174674,1.937345805,0.968564925,1
Cyclothone,1,n,0.815051631,0.019930831,0.081160432,0.781581623,0.350233331,6.458646237,1.024413291,2.389965951,0.415630382,1.047747758
Cymatogaster,1,n,0.529764559,0.067129285,0.077951538,0.580185849,0.381300396,3.326626399,1.189488203,1.848571433,0.829499977,1.087548045
Cynoscion,1,n,0.479140464,0.037371439,0.095316215,0.713578164,0.418613,4.130053653,1.784533101,3.442581383,0.466694562,1.007521225
Cyprinus,1,n,0.513656734,0.078725425,0.088141656,0.641318669,0.308439886,2.047559084,1.832131738,2.338237028,0.579124045,1.08379633
Dasycottus,1,n,0.62207796,0.077967301,0.179620304,0.779104131,0.477801406,0.931146319,0.955351117,3.093794803,2.725961709,1
Delolepis,1,n,0.814577146,0.020601495,0.067301963,0.867529561,0.39021535,2.770606199,0.877557038,2.50008,0.576398736,1
Derepodichthys,1,n,0.437083666,0.023991841,0.041935084,0.723243627,0.414678953,5.280709239,6.28E-10,1,0.001097879,1
Diaphus,1,n,0.175918401,0.099496757,0.216261072,0.556976951,0.156657003,6.96442759,1.020602102,1.833474747,0.199052885,1.083255604
Dolichopteryx,1,n,0.466582237,0.055639702,0.215453646,1,0.738023047,3.2369703,0.936010947,1.885857247,5.829743992,1.059845093
Embassichthys,1,n,0.9,0.055683515,0.063503349,1,0.5,16.05184915,0.974478439,2.273683668,4.890526653,1
Embiotoca,1,n,0.600018823,0.074368232,0.074010162,0.629400658,0.40503151,2.582565911,1.433100251,2.121697691,0.75826917,1.094261034
Engraulis,1,n,0.441898256,0.046064634,0.237024586,0.656976744,0.180921053,3.934603427,2.533671731,3.043520661,0.46342033,1.075916336
Enophrys,1,n,0.377903771,0.055886772,0.09953523,0.843321193,0.416715603,2.10349966,1.03248901,2.827637931,2.118404069,1
Eopsetta,1,n,0.9,0.061081502,0.083954759,1,0.5,12.61841536,1.561255678,2.470240532,3.510135195,1
Erilepis,1,n,0.630199581,0.044374965,0.099972967,0.765631727,0.457339992,2.414690416,1.454893086,2.666609431,0.896341548,1.01607569
Eumicrotremus,1,n,0.666666667,0.124563918,0.078051619,0.730505319,0.316461817,0.823232429,1.219542589,1.603831443,4.722449328,1
Euthynnus,1,n,0.640555556,0.051730888,0.132264719,0.666666667,0.5678125,4.292532726,6.63856987,11.70266667,0.88690785,1.042394482
Gadus,1,n,0.580901784,0.037735931,0.088764253,0.814447329,0.501618877,3.641026914,1.541351877,3.130410921,0.692272473,1.001058803
Galeorhinus,1,n,0.293138963,0.015721448,0.033037715,0.666891329,0.23103274,3.982688539,1.920064781,4.24803323,0.795354374,1.162913539
Gasterosteus,1,n,0.612509479,0.064310731,0.062440313,0.679161007,0.547658956,1.277817478,1.324475978,3.59492881,1.883210701,1
Genyonemus,1,n,0.234234234,0.040225009,0.060902195,0.689204955,0.429198017,5.326073456,1.956610758,2.980642732,0.545783249,1.01036256
Gibbonsia,1,n,0.466347667,0.037393528,0.068717485,0.745262778,0.499616322,1.788227132,1.129287796,2.328281602,1.594476312,1
Gilbertidia,1,n,0.51479902,0.060496279,0.093367689,0.715702614,0.373610126,1.976471889,1.11101391,2.469259259,4.560936491,1
Glyptocephalus,1,n,0.9,0.056591232,0.04486765,1,0.5,14.40770252,1.100542142,2.065168573,4.363641569,1
Gobiesox,1,n,0.522914192,0.051422763,0.079506844,0.784385048,0.663808602,0.541160367,1.164859514,2.117000968,1.937138865,1
Hemilepidotus,1,n,0.409690866,0.071346909,0.141467305,0.77775135,0.521296117,1.645002088,1.150855181,2.685868802,2.140199052,1
Hemitripterus,1,n,0.663343537,0.067349817,0.205015558,0.780629252,0.548368581,1.444588268,1.254608587,2.878628052,2.231487966,1
Hexagrammos,1,n,0.412108349,0.044888215,0.070961858,0.850869708,0.516022098,1.526976341,1.320717403,2.330582831,1.500087205,1.003612531
Hexanchus,1,n,0.286770193,0.02319067,0.109715716,0.527690508,0.220590457,4.356580873,2.194263785,4.627857731,0.584317079,1.191146124
Hippoglossoides,1,n,0.9,0.064182981,0.100007101,1,0.5,11.94831733,1.202617592,2.16066922,3.40791385,1
Hippoglossus,1,n,0.9,0.041435743,0.083095031,1,0.5,19.97454853,1.970616585,3.152919394,2.48492536,1.025666913
Hydrolagus,1,n,0.117339308,0.064679231,0.041582962,0.761733473,0.090009282,2.911996435,0.365258421,2.638324887,2.883007255,1
Hyperprosopon,1,n,0.563539019,0.090162716,0.09479724,0.586854779,0.338340328,3.650528618,1.630812082,2.372301069,0.829877509,1.074036001
Hypomesus,1,n,0.617817053,0.044330023,0.075034316,0.66239949,0.211148649,3.480064319,1.69394597,2.654995932,0.582932436,1.057833681
Hypsagonus,1,n,0.34999125,0.075111318,0.069648677,0.735729821,0.398540418,3.400977708,1.160412273,2.452928752,2.069401886,1
Icelinus,1,n,0.360541418,0.093415366,0.129664409,0.795632829,0.50729019,1.835070689,1.101947317,2.893130508,2.000117501,1
Icelus,1,n,0.364683241,0.088419853,0.184391549,0.751401473,0.412520833,1.564356072,1.165984969,3.956555556,2.86687428,1
Icichthys,1,n,0.433962264,0.058575077,0.076372513,0.672955975,0.473013456,1.800397123,0.876205462,2.04832069,0.452863642,1.00751343
Icosteus,1,n,0.428571429,0.028233954,0.094799448,0.585714286,0.546351274,1.796359105,1.354344447,4.250824237,0.399309459,1.01197245
Inopsetta,1,n,0.9,0.045910381,0.063946805,1,0.5,11.62336084,1.381408652,2.857846476,3.009856934,1
Isopsetta,1,n,0.9,0.044171994,0.064588865,1,0.5,14.96761832,1.119318133,2.29256389,2.403312309,1
Jordania,1,n,0.345962026,0.07157576,0.073660542,0.760991931,0.441176471,2.449567941,1.110873443,3.515713026,1.889298375,1
Lamna,1,n,0.223246165,0.027148153,0.098702918,0.619171108,0.26258071,3.494970589,2.82820909,7.430130345,0.861686305,1.150167776
Lampanyctus,1,n,0.620978573,0.052272113,0.194388372,0.72331185,0.28207667,3.767510394,0.955040872,1.902608168,0.091350568,1.097634769
Lampris,1,n,0.603048832,0.092131075,0.110906161,0.664117068,0.56793192,5.496562556,4.931051905,5.800529894,1.029131049,1.045233807
Lepidogobius,1,n,0.446694839,0.055569515,0.099862997,0.761429423,0.685938717,2.450674307,0.61186272,1.725827393,0.748401878,1
Lepidopsetta,1,n,0.9,0.051924695,0.051808398,1,0.5,12.42744258,1.295127338,2.082398259,3.274073711,1
Leptocottus,1,n,0.494031581,0.054531296,0.129068358,0.803295072,0.548356616,1.534153741,0.992723281,2.594952919,2.84478589,1
Lestidium,1,n,0.695811332,0.042338841,0.082531614,0.623657701,0.525270546,6.271642487,1.720522307,3.784441086,0.958601832,1.035005271
Leuroglossus,1,n,0.705574802,0.060664211,0.080836498,0.730972957,0.251009796,3.723590325,1.147788875,2.129641149,0.147966856,1.03663947
Limanda,1,n,0.9,0.04965781,0.063825115,1,0.5,13.27675224,1.209813709,2.276938956,2.487420982,1
Liparis,1,n,0.436352282,0.040167485,0.061835591,0.785142736,0.465731955,1.254645529,0.833489119,1.779366067,4.326875069,1
Lumpenella,1,n,0.412903226,0.031226972,0.036747234,0.825832258,0.50753731,1.892176732,0.94757784,1.948277093,1.658124336,1
Lumpenus,1,n,0.29142781,0.036275626,0.044669003,0.695973646,0.56319221,2.178119913,0.990213165,2.628874361,2.151830741,1
Lycenchelys,1,n,0.502160789,0.02324592,0.034491667,0.746046647,0.444118202,1.3009095,6.28E-10,1,0.007724338,1
Lycodapus,1,n,0.653307191,0.031235601,0.069784901,0.726799507,0.360696541,4.896235728,6.28E-10,1,0.002146194,1
Lycodes,1,n,0.423594401,0.036505821,0.053657981,0.785252734,0.490926758,1.620039435,6.28E-10,1,0.019218246,1
Lycodopsis,1,n,0.391723676,0.044560052,0.08077753,0.769927781,0.322085076,1.786965384,6.28E-10,1,0.009315773,1
Lyconectes,1,n,0.942859796,0.009943606,0.049705335,0.914243267,0.414996063,2.25028496,0.895850759,1.709090909,0.475857349,1
Lyopsetta,1,n,0.9,0.056254242,0.078635598,1,0.5,11.37885142,1.081210338,2.686500804,3.017453338,1
Macdonaldia,1,n,0.202606758,0.010443734,0.012609778,0.693636647,0.392305906,2.44641499,6.28E-10,1,0.001878778,1
Macropinna,1,n,0.482873731,0.055550359,0.037254939,0.901154678,0.442140204,2.110117957,1.44732185,1.813516443,1.750481906,1.026346674
Malacocottus,1,n,0.505290789,0.121174228,0.165643909,0.805263158,0.421865097,1.366780707,1.104232684,2.677319231,1.821922428,1
Mallotus,1,n,0.720282383,0.048553749,0.113739468,0.740950777,0.154221631,2.359958496,1.461243243,2.34256906,1.88695935,1.046199075
Melamphaes,1,n,0.497268402,0.050181807,0.151423506,0.599971894,0.447630688,3.507220878,1.691099739,2.399867326,1.239448369,1.078450423
Melanostigma,1,n,0.518548426,0.047597842,0.039571787,0.667899647,0.287373428,4.409578845,6.28E-10,1,0.00194446,1
Merluccius,1,n,0.645598546,0.053242809,0.120326758,0.634622969,0.499940558,8.920381688,0.848684229,2.71237561,0.763126025,1.008280712
Microgadus,1,n,0.572654392,0.053487378,0.104713553,0.713716853,0.524483233,3.482751505,0.936078722,2.80414433,0.516996733,1
Microstomus,1,n,0.9,0.064616029,0.031380504,1,0.5,15.65752917,1.156325771,2.163072309,3.268686902,1
Mola,1,n,0.626510811,0.050348415,0.029339202,0.698773862,0.539221822,1.818960068,6.28E-10,1,0.004451548,1
Myoxocephalus,1,n,0.478339171,0.104338819,0.219135092,0.776287354,0.463487214,1.924985138,1.439713276,3.379210342,1.628639606,1
Nansenia,1,n,0.583783784,0.063232848,0.06555862,0.691891892,0.235292272,4.921492194,0.827660053,1.621072326,0.217877521,1.06701216
Nautichthys,1,n,0.361166405,0.093261042,0.113206599,0.677237275,0.479367685,1.999301121,1.128256004,2.401759982,2.006737592,1
Nectoliparis,1,n,0.274067391,0.104046568,0.112122831,0.67787074,0.603855859,1.968452801,0.547346497,3.251055556,6.703428434,1
Nemichthys,1,n,1.39916909,0.005423596,0.072482629,0.716244287,0.411011524,2.70147656,6.28E-10,1,0.00015623,1
Notolepis,1,n,0.664273723,0.034539758,0.116181448,0.715364964,0.308966686,4.27550229,2.235422153,4.254083333,0.372529454,1.029306585
Notorhynchus,1,n,0.290800739,0.012884039,0.067976857,0.573793988,0.041198436,3.133643415,1.139040883,4.63060495,0.53281326,1.290457747
Notorynchus,1,n,0.190904291,0.02453744,0.065630443,0.565790188,0.319357762,4.142971017,0.581598482,3.242153799,0.617682826,1.323293801
Notoscopelus,1,n,0.601055837,0.046426471,0.198715118,0.696799245,0.307188037,4.026720798,1.309925305,2.115620865,0.068614242,1.050147526
Occella,1,n,0.732854215,0.043256657,0.082522304,0.782918186,0.676236334,2.305375157,0.86635015,2.492060416,3.590182653,1
Odontopyxis,1,n,0.350649351,0.061822548,0.050992214,0.636396104,0.545085686,1.880503963,1.318559134,4.549419355,2.793285308,1
Oligocottus,1,n,0.351166692,0.073401742,0.089614867,0.786767078,0.592379649,2.139910041,1.141325069,2.332616496,2.528034579,1.008295542
Onchorhynchus,1,n,0.601295881,0.0300872,0.111867565,0.613922413,0.140625,3.330473268,1.827183615,2.727040709,0.431329209,1.057625994
Oncorhynchus,1,n,0.656919408,0.034627954,0.126208947,0.663853376,0.205484675,3.136800678,2.395904699,3.233271513,0.560522982,1.034953649
Oneirodes,1,n,0.651304911,0.03044778,0.279277881,0.804832337,0.687304024,0.880505079,1.162801582,2.311429002,0.438953234,1
Ophiodon,1,n,0.613170033,0.03529525,0.094023004,0.869506967,0.50577401,1.765146541,1.46439838,2.970800636,1.43948008,1.001063352
Osmerus,1,n,0.729908046,0.045304443,0.125380546,0.672439655,0.24059472,2.775408874,1.620290762,3.078314286,0.772674401,1.054608151
Oxylebius,1,n,0.439200434,0.050498494,0.077265079,0.824275236,0.378963743,1.962799327,1.104809364,2.044265487,1.37770447,1
Pallasina,1,n,0.61085178,0.032608676,0.050179016,0.681618874,0.723008762,1.951176017,0.971341958,5.928571429,2.014170397,1
Paraliparis,1,n,0.336818262,0.06495642,0.061218609,0.593916261,0.423117616,2.109174266,6.28E-10,1,0.016316732,1
Paricelinus,1,n,0.452822093,0.066471018,0.063698509,0.779387047,0.534798811,1.588502867,1.258220231,3.327632184,2.079985588,1.006474738
Parophrys,1,n,0.9,0.053509225,0.051874943,1,0.5,16.02363901,1.180909334,2.221519447,2.833066161,1
Pentaceros,1,n,0.475609756,0.066421992,0.085073556,0.701245427,0.365129477,3.624649828,2.189079144,2.837805233,0.875377873,1
Peprilus,1,n,0.564232493,0.04556131,0.048682422,0.564232493,0.494090713,5.00200786,4.151899637,5.761666667,1.060793768,1.10562305
Phanerodon,1,n,0.438756452,0.094061773,0.064814792,0.529070968,0.358438612,2.834734918,1.734673951,2.88245,0.612332622,1.138017252
Pholis,1,n,0.604117202,0.019103578,0.028889868,0.726110437,0.40425077,1.590429271,1.310528892,2.015385795,0.791287266,1
Phytichthys,1,n,0.545449301,0.012959747,0.042371615,0.797246768,0.411237979,1.071219581,1.384328065,1.643915707,0.614269952,1
Platichthys,1,n,0.9,0.048993489,0.04519396,1,0.5,13.0801308,1.191047114,2.432260969,2.194362271,1
Plectobranchus,1,n,0.430545091,0.040350499,0.068722099,0.694462287,0.511258237,2.719162197,1.182617141,2.186440678,1.64593105,1
Pleuronichthys,1,n,0.9,0.056302457,0.055657644,1,0.5,10.64619462,1.208384263,2.042804257,3.19265352,1
Polypera,1,n,0.432354295,0.019510463,0.074190662,0.844879481,0.453275092,0.893774744,0.91468992,1.817884346,4.022379413,1
Porichthys,1,n,0.781414715,0.036015556,0.122807235,0.89065979,0.654348391,1.366898016,1.068434711,2.373622356,4.507333143,1
Poroclinus,1,n,0.341612824,0.028893859,0.030250915,0.733023706,0.482104057,2.058177339,0.644445897,1.98182435,1.024700883,1
Poromitra,1,n,0.600004762,0.055536698,0.164654574,0.666671429,0.420569987,8.066305134,1.029362085,1.870626471,0.598451806,1.057784559
Prionace,1,n,0.230316524,0.023030286,0.047277659,0.625757409,0.193133021,4.569825313,2.969565049,6.026832863,1.270545966,1.158514045
Protomyctophum,1,n,0.498452012,0.12623056,0.236464362,0.647066563,0.359335823,4.439147424,1.084840737,1.918520129,0.405203183,1.104150239
Psettichthys,1,n,0.9,0.03620309,0.086499368,1,0.5,16.50663247,1.370404608,1.992348772,2.84215904,1
Psychrolutes,1,n,0.388656325,0.077489146,0.10887981,0.786008099,0.452406304,1.530839448,1.065791828,2.435836406,3.208548993,1
Ptilichthys,1,n,0.630768246,0.00976324,0.017272806,0.577464789,0.447708578,4.822730951,6.28E-10,1,0.000251801,1
Radulinus,1,n,0.353677591,0.077731537,0.088224627,0.735164592,0.540617171,2.085502217,0.988176305,3.720641415,1.810745794,1
Reinhardtius,1,n,0.9,0.043352362,0.093848842,1,0.5,15.45116631,1.451923615,2.658067158,2.782782196,1.014863253
Remora,1,n,0.742631898,0.029006003,0.064626921,0.594071856,0.771564655,1.569679535,0.873054081,2.432098765,0.920498515,1.017030886
Rhacohilus,1,n,0.490435708,0.086119063,0.06981072,0.63692949,0.364297156,3.16376456,1.793557149,2.437040518,0.620738443,1.093656444
Rhamphocottus,1,n,0.249082728,0.084525947,0.116774318,0.681353594,0.465962411,2.094158443,2.184491062,4.177143064,1.333172345,1
Rimicola,1,n,0.551378985,0.021163538,0.054043646,0.637859949,0.495233963,1.605790174,1.053832136,2.083567708,1.368540968,1
Roccus,1,n,0.763175439,0.041788281,0.087235732,0.763175439,0.464296537,2.348531195,1.97220811,2.46887988,0.541041151,1.046061753
Ronquilus,1,n,0.369734694,0.070133841,0.091940833,0.789887756,0.457364341,1.974272245,0.658710074,1.785746931,2.554003757,1
Sabastes,1,n,0.517661661,0.093539339,0.165977298,0.726566281,0.387683149,2.36396911,1.712153781,2.728308424,1.249613877,1.004941246
Sagamichthys,1,n,0.560559591,0.069141294,0.140108492,0.623327504,0.294347659,3.502678627,1.410012713,2.302794574,0.390360233,1.062233472
Salmo,1,n,0.576455052,0.040086261,0.122607836,0.687672281,0.213629885,3.743586625,1.89498285,2.669204502,0.475850439,1.017993012
Salvelinus,1,n,0.690329632,0.033705954,0.136994087,0.690329632,0.13909828,3.323315638,2.577383883,2.711406525,0.411207521,1.010726393
Sarda,1,n,0.602573774,0.053925736,0.129998325,0.678779799,0.554568978,3.698137594,5.343465506,7.512250121,0.648065357,1.04026207
Sardinops,1,n,0.721714623,0.047031115,0.112693691,0.754716981,0.154798762,4.547303046,2.631966916,3.629705314,0.610877998,1.087810721
Scomber,1,n,0.76167347,0.055759391,0.108636314,0.681325885,0.596618299,3.403042831,2.648179537,6.214895938,0.496533475,1.087383759
Scopelosaurus,1,n,0.530247323,0.042681408,0.065766718,0.660456274,0.633318705,8.670677015,1.047161169,2.56,0.4393424,1.071121797
Scorpaenichthys,1,n,0.584918091,0.060319693,0.128366368,0.839625979,0.366278452,1.8927164,1.124586519,2.381532646,1.952121046,1
Scytalina,1,n,0.598191222,0.014138295,0.042650205,0.731230318,0.37739289,2.918466733,6.28E-10,1,0.000462536,1
Sebastes,1,n,0.572589669,0.081932095,0.144866431,0.771733633,0.420725379,2.311944451,1.574534575,2.661665386,1.207049729,1.009871024
Sebastolobus,1,n,0.480790708,0.116675405,0.185929427,0.72468372,0.479432404,2.461157135,1.230131864,2.585274012,1.26877181,1
Serrivomer,1,n,1.075036083,0.006591973,0.078655647,0.797466898,0.553823191,5.311932132,6.03E-07,31,0.000185868,1
Somniosus,1,n,0.135368905,0.014279882,0.052950001,0.537129588,0.359421273,3.033022775,1.512850315,4.833409722,0.485492378,1.072730405
Sphyraena,1,n,0.648148148,0.049823285,0.115192611,0.694444444,0.418487935,3.424674022,1.899171977,3.291919415,0.297645872,1.083547831
Spirinchus,1,n,0.753154083,0.046978682,0.110219427,0.64006447,0.185076728,3.249504859,1.490915774,2.747047594,1.294691498,1.0561756
Squalus,1,n,0.186080802,0.027462359,0.033379127,0.51939251,0.121383708,3.444589758,2.261552142,6.690293224,0.889847002,1.074001921
Stenobrachius,1,n,0.369418093,0.079544641,0.16467502,0.635418822,0.352783499,3.39151207,1.174411533,2.072247007,0.115263002,1.077413318
Symbolophorus,1,n,0.529165919,0.079924192,0.175447058,0.614365471,0.534661992,5.822246227,1.504377861,2.405772059,0.460925533,1.047256579
Synchirus,1,n,0.4,0.062306906,0.07241537,0.773362222,0.550239234,1.922650017,1.136634788,3.868900666,2.650661012,1
Syngnathus,1,n,0.727190092,0.013403153,0.008481193,0.727190092,0.566351931,0.750509973,0.805666963,2.566667754,0.969050715,1
Tactostoma,1,n,0.757309344,0.017938027,0.097309809,0.759938953,0.0846419,2.786214382,2.855909075,5.06049243,1.603851924,1.013709929
Tarletonbeania,1,n,0.387593895,0.072417289,0.171657707,0.643417493,0.350179479,3.635125658,0.952047454,2.381315175,0.38075806,1.045410268
Tetragonurus,1,n,0.421358792,0.037098183,0.061802895,0.685443596,0.390170455,3.121433469,0.772828868,2.41177757,0.407587216,1.054885274
Thaleichthys,1,n,0.704721131,0.043261625,0.099421987,0.720434616,0.194280417,2.376917212,1.409290847,2.811057209,0.783332067,1.061915423
Theragra,1,n,0.601613281,0.063995473,0.112726623,0.648449219,0.522011032,3.17619704,1.433467525,3.184845396,0.711445288,1
Thunnus,1,n,0.643912656,0.060094227,0.120870552,0.657663182,0.613460676,6.112953628,6.827913908,10.00227148,1.316060475,1.052365411
Trachipterus,1,n,0.659586974,0.047267532,0.047616175,0.686161088,0.333330623,1.733263872,0.806092043,4.678555556,2.231188907,1.026330821
Trachurus,1,n,0.653142781,0.068027167,0.118035858,0.638414108,0.426171039,5.280457896,2.165378172,5.297085938,1.295183816,1.086843747
Trichodon,1,n,1.005555556,0.062984589,0.114781889,0.844444444,0.551246939,1.285176641,1.695610257,3.544035088,2.264325967,1.039519556
Triglops,1,n,0.377980565,0.076984741,0.108824539,0.755832607,0.474249012,2.157038928,1.161354332,3.614528047,2.985518704,1
Xeneretmus,1,n,0.315242394,0.06287803,0.051348105,0.697453716,0.518754405,2.383881567,1.106202541,4.924859785,2.761115489,1
Xererpes,1,n,0.639707058,0.016590912,0.025014181,0.69133583,0.263676436,2.994437894,1.226794857,2.043942029,0.066829088,1
Xiphister,1,n,0.609121951,0.014102509,0.04094769,0.826634146,0.452844568,2.005470195,0.825658821,1.078413633,0.164260974,1
Zaniolepis,1,n,0.440860215,0.054904021,0.068309703,0.720510753,0.435416504,1.895843666,1.286499373,2.988964535,2.20472923,1
Zaprora,1,n,0.513162661,0.040453144,0.068400739,0.683201902,0.512376238,0.450403797,1.359463367,2.196527,0.789634335,1
Gadidae_proximus.macrocephalus,1,n,0.621719723,0.051552837,0.107194907,0.741922097,0.498012057,3.142292472,1.232172163,2.892227059,0.585937958,1
Sebastes_melanops.flavidus,1,n,0.535307596,0.078918478,0.14850222,0.723806717,0.417123961,2.269312532,1.904410854,2.808110003,0.913594549,1.014121719
Sebastes_caurinus.maliger.auricuatus,1,n,0.473369732,0.086507101,0.149536456,0.794244156,0.422832684,2.14784596,1.592245563,2.552316171,1.351092029,1
Gobiidae_ios.lepidus.nicholsi,1,n,0.515389059,0.06048126,0.09741698,0.786047945,0.627027639,2.239503931,0.829861697,2.021667492,0.760053456,1
Embiotocidae,1,n,0.569866483,0.077746941,0.079580621,0.619564627,0.379294126,2.938175594,1.469987839,2.153003317,0.760973878,1.078363236
